step,atom_id,type,x,y,z,vx,vy,vz,fx,fy,fz,mass
0,0,C,10.006967,10.006679,9.993464,-624.920908,-50.030051,-171.854465,0.000000,0.000000,0.000000,12.000000
0,1,H,10.623353,10.633569,10.621558,-681.628979,469.753212,1697.353259,0.000000,0.000000,0.000000,1.000000
0,2,H,10.638452,9.366656,9.376829,-2804.260564,678.883361,1015.799915,0.000000,0.000000,0.000000,1.000000
0,3,H,9.377433,10.619729,9.375187,-2189.781936,192.496940,-1235.557425,0.000000,0.000000,0.000000,1.000000
0,4,H,9.364921,9.375457,10.619464,1252.469607,-477.319674,-405.989735,0.000000,0.000000,0.000000,1.000000
0,5,O,13.005828,10.003113,9.997452,-12.247089,103.568920,214.135671,0.000000,0.000000,0.000000,16.000000
0,6,H,13.762875,10.594741,9.998487,-390.532596,1044.675612,-1954.992549,0.000000,0.000000,0.000000,1.000000
0,7,H,12.247059,10.584659,9.990738,-647.077985,-1842.002281,-39.082084,0.000000,0.000000,0.000000,1.000000
0,8,O,14.834404,10.001415,9.994025,82.377126,-157.043287,343.700324,0.000000,0.000000,0.000000,16.000000
0,9,C,15.999993,9.991850,9.992766,-23.664843,-685.724298,-252.334560,0.000000,0.000000,0.000000,12.000000
0,10,O,17.150966,9.999305,9.993797,-78.828661,-91.225262,-419.673896,0.000000,0.000000,0.000000,16.000000
0,11,N,10.006692,12.999772,9.990195,331.952541,-216.084070,241.225724,0.000000,0.000000,0.000000,14.000000
0,12,H,10.940109,12.994477,9.622920,631.527926,2555.722335,-1544.754937,0.000000,0.000000,0.000000,1.000000
0,13,H,9.538333,13.813422,9.633791,-2430.868096,4191.231621,-345.136355,0.000000,0.000000,0.000000,1.000000
0,14,H,9.522883,12.185303,9.619276,-766.629977,2329.824471,-1396.664020,0.000000,0.000000,0.000000,1.000000
0,15,H,11.333464,12.992835,10.000618,764.044262,384.547179,-1094.432740,0.000000,0.000000,0.000000,1.000000
0,16,C,12.407569,12.991964,9.999348,574.458074,197.542323,-426.474880,0.000000,0.000000,0.000000,12.000000
0,17,C,13.602967,13.008943,9.991103,647.407159,-779.002352,189.665167,0.000000,0.000000,0.000000,12.000000
0,18,H,14.662531,13.002772,10.005335,-3640.243271,2779.459491,2119.098595,0.000000,0.000000,0.000000,1.000000
0,19,H,15.372090,12.993703,9.999608,715.192909,266.424114,361.197940,0.000000,0.000000,0.000000,1.000000
0,20,Cl,16.640526,13.005694,9.998328,-33.795005,241.499921,145.560318,0.000000,0.000000,0.000000,35.500000
5,0,C,10.006342,10.006627,9.993293,-624.583688,-51.984946,-171.723150,0.000000,-0.000000,0.000000,12.000000
5,1,H,10.622682,10.634050,10.623265,-665.071037,487.093550,1715.871190,0.000000,0.000000,0.000000,1.000000
5,2,H,10.635657,9.367324,9.377835,-2790.231000,659.375106,1000.612566,0.000000,-0.000000,-0.000000,1.000000
5,3,H,9.375232,10.619932,9.373941,-2209.147095,209.922145,-1255.014089,-0.000000,0.000000,-0.000000,1.000000
5,4,H,9.366163,9.374970,10.619068,1234.092255,-492.680078,-389.979891,-0.000000,-0.000000,0.000000,1.000000
5,5,O,13.005815,10.003216,9.997667,-12.250139,102.485395,215.365751,0.000000,-0.000000,0.000000,16.000000
5,6,H,13.762499,10.595797,9.996530,-365.746810,1067.349077,-1957.304918,0.000000,0.000000,-0.000000,1.000000
5,7,H,12.246398,10.582827,9.990698,-670.800773,-1824.398508,-40.213350,-0.000000,0.000000,-0.000000,1.000000
5,8,O,14.834485,10.001258,9.994370,79.908685,-156.844065,345.001192,-0.000000,-0.000000,0.000000,16.000000
5,9,C,15.999968,9.991165,9.992514,-25.914170,-685.803773,-252.039868,-0.000000,-0.000000,-0.000000,12.000000
5,10,O,17.150888,9.999214,9.993377,-77.673542,-91.253674,-419.822097,0.000000,0.000000,0.000000,16.000000
5,11,N,10.007024,12.999556,9.990437,332.099659,-217.380792,243.459835,-0.000000,-0.000000,0.000000,14.000000
5,12,H,10.940727,12.997033,9.621365,609.451700,2557.063024,-1561.228825,-0.000000,0.000000,-0.000000,1.000000
5,13,H,9.535894,13.817627,9.633440,-2445.397916,4213.542166,-354.442167,-0.000000,0.000000,-0.000000,1.000000
5,14,H,9.522107,12.187618,9.617872,-784.233425,2307.310406,-1407.881368,-0.000000,-0.000000,-0.000000,1.000000
5,15,H,11.334241,12.993220,9.999535,786.901338,385.323960,-1074.636645,0.000000,-0.000000,0.000000,1.000000
5,16,C,12.408142,12.992162,9.998921,571.391454,197.137057,-425.620864,-0.000000,-0.000000,0.000000,12.000000
5,17,C,13.603615,13.008164,9.991293,648.832154,-778.635255,189.198271,0.000000,0.000000,-0.000000,12.000000
5,18,H,14.658871,13.005553,10.007454,-3672.810422,2782.152556,2121.541595,-0.000000,0.000000,0.000000,1.000000
5,19,H,15.372825,12.993970,9.999970,748.553717,265.360101,359.477874,0.000000,-0.000000,-0.000000,1.000000
5,20,Cl,16.640492,13.005936,9.998473,-32.635921,241.182681,145.726111,0.000000,0.000000,-0.000000,35.500000
10,0,C,10.005717,10.006574,9.993121,-624.784463,-54.437371,-171.340542,0.000000,-0.000000,0.000000,12.000000
10,1,H,10.622026,10.634546,10.624993,-647.143977,502.005549,1736.171545,0.000000,0.000000,0.000000,1.000000
10,2,H,10.632876,9.367972,9.378825,-2774.098300,641.401500,982.845719,0.000000,-0.000000,-0.000000,1.000000
10,3,H,9.373012,10.620151,9.372677,-2226.650042,227.330514,-1268.739471,-0.000000,0.000000,-0.000000,1.000000
10,4,H,9.367386,9.374466,10.618686,1213.736856,-512.164041,-377.429056,-0.000000,-0.000000,0.000000,1.000000
10,5,O,13.005803,10.003317,9.997882,-12.694769,99.857518,215.168834,0.000000,-0.000000,0.000000,16.000000
10,6,H,13.762146,10.596875,9.994574,-344.682354,1082.410393,-1955.693191,0.000000,0.000000,-0.000000,1.000000
10,7,H,12.245711,10.581014,9.990657,-695.914602,-1804.759550,-39.180126,-0.000000,0.000000,-0.000000,1.000000
10,8,O,14.834564,10.001101,9.994715,78.137749,-156.872935,344.899737,-0.000000,-0.000000,0.000000,16.000000
10,9,C,15.999941,9.990479,9.992261,-28.624770,-686.356143,-253.292032,-0.000000,-0.000000,-0.000000,12.000000
10,10,O,17.150812,9.999123,9.992958,-75.010373,-91.118581,-419.482648,0.000000,0.000000,0.000000,16.000000
10,11,N,10.007356,12.999338,9.990682,331.790820,-217.768106,244.565201,-0.000000,-0.000000,0.000000,14.000000
10,12,H,10.941323,12.999590,9.619790,587.709069,2557.014124,-1584.531381,-0.000000,0.000000,-0.000000,1.000000
10,13,H,9.533441,13.821855,9.633080,-2457.710495,4239.951267,-365.173568,-0.000000,0.000000,-0.000000,1.000000
10,14,H,9.521313,12.189911,9.616458,-799.069113,2284.158200,-1419.358263,-0.000000,-0.000000,-0.000000,1.000000
10,15,H,11.335042,12.993607,9.998476,809.210616,385.342231,-1051.001340,0.000000,-0.000000,0.000000,1.000000
10,16,C,12.408711,12.992359,9.998496,568.628871,195.432128,-425.767066,-0.000000,-0.000000,0.000000,12.000000
10,17,C,13.604266,13.007386,9.991482,651.423636,-778.160245,188.510075,0.000000,0.000000,-0.000000,12.000000
10,18,H,14.655180,13.008335,10.009576,-3700.250962,2780.557612,2121.039400,-0.000000,0.000000,0.000000,1.000000
10,19,H,15.373592,12.994235,10.000329,780.113178,263.849208,358.965476,0.000000,-0.000000,-0.000000,1.000000
10,20,Cl,16.640460,13.006177,9.998619,-31.640060,240.994171,145.961551,0.000000,0.000000,-0.000000,35.500000
15,0,C,10.005092,10.006518,9.992951,-625.275500,-55.844026,-169.651151,-0.000000,-0.000000,0.000000,12.000000
15,1,H,10.621390,10.635056,10.626737,-630.519058,516.786483,1750.099717,0.000000,0.000000,0.000000,1.000000
15,2,H,10.630111,9.368602,9.379799,-2759.345176,622.930547,964.571238,0.000000,-0.000000,-0.000000,1.000000
15,3,H,9.370774,10.620389,9.371399,-2245.964688,244.790344,-1286.415922,-0.000000,0.000000,-0.000000,1.000000
15,4,H,9.368590,9.373944,10.618319,1197.473934,-527.356453,-359.667732,-0.000000,-0.000000,0.000000,1.000000
15,5,O,13.005790,10.003415,9.998097,-13.493808,98.311374,215.275123,0.000000,-0.000000,0.000000,16.000000
15,6,H,13.761815,10.597970,9.992618,-321.932642,1103.381236,-1956.198954,0.000000,0.000000,-0.000000,1.000000
15,7,H,12.245001,10.579219,9.990617,-722.086375,-1786.588638,-40.956783,-0.000000,0.000000,-0.000000,1.000000
15,8,O,14.834640,10.000945,9.995060,75.930203,-155.974570,345.381450,-0.000000,-0.000000,0.000000,16.000000
15,9,C,15.999911,9.989791,9.992009,-31.993432,-688.361483,-252.645782,-0.000000,-0.000000,-0.000000,12.000000
15,10,O,17.150738,9.999031,9.992538,-73.949910,-92.277919,-419.246007,0.000000,0.000000,0.000000,16.000000
15,11,N,10.007688,12.999120,9.990928,332.145648,-217.526559,246.846757,-0.000000,0.000000,0.000000,14.000000
15,12,H,10.941897,13.002148,9.618193,565.416757,2557.895576,-1605.703725,-0.000000,0.000000,-0.000000,1.000000
15,13,H,9.530975,13.826110,9.632708,-2469.429300,4265.125897,-375.227338,-0.000000,0.000000,-0.000000,1.000000
15,14,H,9.520504,12.192181,9.615031,-815.640587,2259.493988,-1432.216427,-0.000000,-0.000000,-0.000000,1.000000
15,15,H,11.335864,12.993992,9.997438,830.026251,385.098891,-1031.963283,0.000000,-0.000000,0.000000,1.000000
15,16,C,12.409278,12.992554,9.998069,566.092265,195.055784,-426.493828,-0.000000,-0.000000,0.000000,12.000000
15,17,C,13.604919,13.006609,9.991670,654.743140,-777.394211,187.918206,0.000000,0.000000,-0.000000,12.000000
15,18,H,14.651462,13.011116,10.011696,-3731.112819,2782.134799,2118.362585,-0.000000,0.000000,0.000000,1.000000
15,19,H,15.374391,12.994498,10.000688,811.018046,262.426739,359.737038,0.000000,-0.000000,-0.000000,1.000000
15,20,Cl,16.640429,13.006418,9.998765,-30.835436,241.139688,145.559160,0.000000,0.000000,-0.000000,35.500000
20,0,C,10.004467,10.006461,9.992782,-625.769429,-57.167060,-167.474953,-0.000000,-0.000000,0.000000,12.000000
20,1,H,10.620770,10.635582,10.628497,-612.082745,533.413432,1765.104318,0.000000,0.000000,0.000000,1.000000
20,2,H,10.627362,9.369213,9.380753,-2742.080774,601.882636,949.040454,0.000000,-0.000000,-0.000000,1.000000
20,3,H,9.368515,10.620645,9.370103,-2266.981351,263.582061,-1302.385997,-0.000000,0.000000,-0.000000,1.000000
20,4,H,9.369778,9.373405,10.617968,1181.555667,-546.745210,-345.895639,-0.000000,-0.000000,0.000000,1.000000
20,5,O,13.005777,10.003512,9.998312,-14.030659,96.175781,215.441901,0.000000,-0.000000,0.000000,16.000000
20,6,H,13.761505,10.599087,9.990662,-300.898027,1125.050307,-1954.986312,0.000000,0.000000,-0.000000,1.000000
20,7,H,12.244264,10.577446,9.990575,-745.884010,-1762.958751,-40.731063,-0.000000,0.000000,-0.000000,1.000000
20,8,O,14.834716,10.000789,9.995405,75.515533,-156.054522,345.192881,-0.000000,-0.000000,0.000000,16.000000
20,9,C,15.999877,9.989103,9.991756,-34.941627,-688.793440,-253.126359,-0.000000,-0.000000,-0.000000,12.000000
20,10,O,17.150665,9.998939,9.992119,-71.988331,-92.139751,-418.613948,0.000000,0.000000,0.000000,16.000000
20,11,N,10.008020,12.998903,9.991176,331.940865,-217.347177,248.187806,-0.000000,0.000000,0.000000,14.000000
20,12,H,10.942451,13.004705,9.616576,546.718249,2553.496254,-1625.470879,-0.000000,0.000000,-0.000000,1.000000
20,13,H,9.528496,13.830390,9.632325,-2483.996152,4288.652066,-388.884176,-0.000000,0.000000,-0.000000,1.000000
20,14,H,9.519680,12.194426,9.613592,-828.203674,2235.943047,-1443.931311,-0.000000,-0.000000,-0.000000,1.000000
20,15,H,11.336707,12.994379,9.996419,850.415884,389.007917,-1011.322526,0.000000,-0.000000,0.000000,1.000000
20,16,C,12.409843,12.992749,9.997643,563.875829,195.406382,-426.914462,-0.000000,-0.000000,0.000000,12.000000
20,17,C,13.605575,13.005831,9.991857,657.051224,-776.994564,187.174240,0.000000,0.000000,-0.000000,12.000000
20,18,H,14.647711,13.013897,10.013814,-3764.480081,2781.169126,2117.952597,-0.000000,0.000000,0.000000,1.000000
20,19,H,15.375220,12.994762,10.001046,838.352706,264.853448,358.319104,0.000000,-0.000000,-0.000000,1.000000
20,20,Cl,16.640399,13.006660,9.998910,-29.930808,242.137698,145.810067,0.000000,0.000000,-0.000000,35.500000
25,0,C,10.003841,10.006404,9.992616,-626.438920,-57.496233,-164.834162,-0.000000,0.000000,0.000000,12.000000
25,1,H,10.620167,10.636127,10.630273,-598.210308,551.286610,1780.746066,0.000000,0.000000,0.000000,1.000000
25,2,H,10.624629,9.369804,9.381692,-2727.125501,585.137609,931.621343,0.000000,-0.000000,-0.000000,1.000000
25,3,H,9.366238,10.620919,9.368791,-2285.290788,281.216147,-1317.463247,-0.000000,0.000000,-0.000000,1.000000
25,4,H,9.370948,9.372848,10.617634,1161.247107,-563.238682,-326.047419,-0.000000,-0.000000,0.000000,1.000000
25,5,O,13.005762,10.003607,9.998528,-14.258215,94.144200,215.003446,0.000000,-0.000000,0.000000,16.000000
25,6,H,13.761218,10.600224,9.988706,-279.583570,1145.967877,-1958.002216,0.000000,0.000000,-0.000000,1.000000
25,7,H,12.243504,10.575691,9.990532,-769.276195,-1748.873210,-45.022777,-0.000000,0.000000,-0.000000,1.000000
25,8,O,14.834790,10.000632,9.995750,73.466156,-156.486356,345.006391,-0.000000,-0.000000,0.000000,16.000000
25,9,C,15.999840,9.988414,9.991503,-38.403506,-688.437202,-252.832534,-0.000000,-0.000000,-0.000000,12.000000
25,10,O,17.150594,9.998847,9.991701,-70.316285,-92.341515,-418.025016,0.000000,0.000000,0.000000,16.000000
25,11,N,10.008352,12.998686,9.991425,332.209836,-217.144992,249.613491,-0.000000,0.000000,0.000000,14.000000
25,12,H,10.942985,13.007259,9.614937,525.363125,2553.199524,-1647.955127,-0.000000,0.000000,-0.000000,1.000000
25,13,H,9.526003,13.834695,9.631930,-2499.797080,4316.379867,-399.599490,-0.000000,0.000000,-0.000000,1.000000
25,14,H,9.518844,12.196648,9.612140,-840.691970,2216.334468,-1458.292048,-0.000000,-0.000000,-0.000000,1.000000
25,15,H,11.337568,12.994768,9.995421,869.361986,387.143798,-985.132755,0.000000,-0.000000,0.000000,1.000000
25,16,C,12.410405,12.992945,9.997216,560.908256,196.123237,-425.990365,-0.000000,-0.000000,0.000000,12.000000
25,17,C,13.606234,13.005054,9.992045,659.384981,-777.402572,187.532010,0.000000,-0.000000,-0.000000,12.000000
25,18,H,14.643928,13.016678,10.015930,-3796.209700,2778.688701,2116.022773,-0.000000,0.000000,0.000000,1.000000
25,19,H,15.376078,12.995030,10.001403,872.257989,268.729034,358.418366,0.000000,-0.000000,-0.000000,1.000000
25,20,Cl,16.640369,13.006902,9.999056,-29.553981,241.635637,146.037952,0.000000,0.000000,-0.000000,35.500000
30,0,C,10.003214,10.006347,9.992452,-626.530623,-56.131027,-163.318115,-0.000000,0.000000,0.000000,12.000000
30,1,H,10.619580,10.636689,10.632063,-578.199333,569.784244,1797.788985,0.000000,0.000000,0.000000,1.000000
30,2,H,10.621913,9.370379,9.382614,-2708.712871,569.929803,912.431784,0.000000,-0.000000,-0.000000,1.000000
30,3,H,9.363942,10.621211,9.367460,-2300.848818,298.614881,-1338.085493,-0.000000,0.000000,-0.000000,1.000000
30,4,H,9.372098,9.372274,10.617319,1142.457112,-582.073874,-306.659515,-0.000000,-0.000000,0.000000,1.000000
30,5,O,13.005748,10.003701,9.998743,-14.214495,93.369758,215.141484,0.000000,-0.000000,0.000000,16.000000
30,6,H,13.760953,10.601381,9.986749,-254.913444,1163.917002,-1957.522510,0.000000,0.000000,-0.000000,1.000000
30,7,H,12.242721,10.573952,9.990485,-793.216909,-1735.794110,-46.144859,-0.000000,0.000000,-0.000000,1.000000
30,8,O,14.834862,10.000476,9.996095,71.685514,-156.535609,344.862262,-0.000000,-0.000000,0.000000,16.000000
30,9,C,15.999800,9.987726,9.991250,-41.118190,-687.932161,-253.049397,-0.000000,-0.000000,-0.000000,12.000000
30,10,O,17.150525,9.998755,9.991283,-68.540040,-92.126065,-417.546161,0.000000,0.000000,0.000000,16.000000
30,11,N,10.008684,12.998469,9.991675,332.149394,-215.797508,251.171361,-0.000000,0.000000,0.000000,14.000000
30,12,H,10.943498,13.009811,9.613275,503.939976,2549.437563,-1670.549230,-0.000000,0.000000,-0.000000,1.000000
30,13,H,9.523495,13.839024,9.631525,-2514.912390,4337.418628,-410.749251,-0.000000,0.000000,-0.000000,1.000000
30,14,H,9.517993,12.198853,9.610677,-856.395288,2195.317780,-1467.328441,-0.000000,-0.000000,-0.000000,1.000000
30,15,H,11.338448,12.995156,9.994449,888.917304,385.580934,-966.997089,0.000000,-0.000000,0.000000,1.000000
30,16,C,12.410964,12.993141,9.996790,558.551708,196.981661,-426.480301,-0.000000,-0.000000,0.000000,12.000000
30,17,C,13.606895,13.004277,9.992232,662.588721,-777.712482,187.218374,0.000000,-0.000000,-0.000000,12.000000
30,18,H,14.640115,13.019456,10.018047,-3824.974671,2780.476676,2119.709219,-0.000000,0.000000,0.000000,1.000000
30,19,H,15.376969,12.995298,10.001760,903.384483,269.578557,355.936338,0.000000,-0.000000,-0.000000,1.000000
30,20,Cl,16.640340,13.007143,9.999202,-28.805282,241.592602,146.176292,0.000000,0.000000,-0.000000,35.500000
35,0,C,10.002587,10.006292,9.992289,-627.545568,-54.687423,-162.629372,-0.000000,0.000000,0.000000,12.000000
35,1,H,10.619013,10.637270,10.633872,-559.383501,588.814920,1814.856669,0.000000,0.000000,0.000000,1.000000
35,2,H,10.619215,9.370937,9.383516,-2690.095597,551.802262,895.952980,0.000000,-0.000000,-0.000000,1.000000
35,3,H,9.361632,10.621522,9.366113,-2313.394109,316.985681,-1351.204215,-0.000000,0.000000,-0.000000,1.000000
35,4,H,9.373232,9.371682,10.617022,1127.847261,-597.382905,-290.295478,-0.000000,-0.000000,0.000000,1.000000
35,5,O,13.005733,10.003793,9.998958,-14.793617,91.694693,214.662402,0.000000,-0.000000,0.000000,16.000000
35,6,H,13.760712,10.602556,9.984792,-232.473410,1184.236772,-1953.660676,0.000000,0.000000,-0.000000,1.000000
35,7,H,12.241913,10.572227,9.990439,-819.402674,-1718.114781,-48.203005,-0.000000,0.000000,-0.000000,1.000000
35,8,O,14.834933,10.000320,9.996440,69.696295,-155.975774,345.020421,-0.000000,-0.000000,0.000000,16.000000
35,9,C,15.999758,9.987038,9.990997,-43.585908,-687.621450,-253.765253,-0.000000,-0.000000,-0.000000,12.000000
35,10,O,17.150458,9.998663,9.990865,-65.804244,-91.528878,-417.496435,0.000000,0.000000,-0.000000,16.000000
35,11,N,10.009016,12.998253,9.991928,331.228037,-216.596881,253.462735,-0.000000,0.000000,0.000000,14.000000
35,12,H,10.943989,13.012362,9.611591,485.027243,2554.219840,-1694.308704,-0.000000,0.000000,-0.000000,1.000000
35,13,H,9.520969,13.843376,9.631108,-2532.102275,4360.063963,-421.086305,-0.000000,0.000000,-0.000000,1.000000
35,14,H,9.517127,12.201034,9.609203,-870.385850,2172.014049,-1478.238639,-0.000000,-0.000000,-0.000000,1.000000
35,15,H,11.339348,12.995541,9.993494,906.720195,385.884168,-948.148395,0.000000,-0.000000,0.000000,1.000000
35,16,C,12.411521,12.993338,9.996363,555.561766,197.741547,-427.021055,-0.000000,-0.000000,0.000000,12.000000
35,17,C,13.607559,13.003499,9.992418,662.795469,-778.021936,184.075458,-0.000000,-0.000000,-0.000000,12.000000
35,18,H,14.636272,13.022240,10.020168,-3852.199397,2788.202256,2118.966677,-0.000000,0.000000,0.000000,1.000000
35,19,H,15.377890,12.995568,10.002116,933.611021,272.092033,356.467682,0.000000,-0.000000,-0.000000,1.000000
35,20,Cl,16.640312,13.007385,9.999349,-27.771053,242.123781,145.812776,0.000000,0.000000,-0.000000,35.500000
40,0,C,10.001959,10.006238,9.992128,-628.991947,-51.924498,-160.174396,-0.000000,0.000000,0.000000,12.000000
40,1,H,10.618464,10.637868,10.635699,-542.803902,604.199360,1834.232595,0.000000,0.000000,0.000000,1.000000
40,2,H,10.616535,9.371478,9.384401,-2672.998258,534.983951,879.969559,0.000000,-0.000000,-0.000000,1.000000
40,3,H,9.359307,10.621850,9.364752,-2333.393612,334.979080,-1367.598954,-0.000000,0.000000,-0.000000,1.000000
40,4,H,9.374347,9.371075,10.616742,1108.589683,-611.847401,-273.783157,-0.000000,-0.000000,0.000000,1.000000
40,5,O,13.005719,10.003884,9.999172,-14.502838,90.597511,215.064761,0.000000,-0.000000,0.000000,16.000000
40,6,H,13.760493,10.603754,9.982838,-209.185411,1208.019986,-1955.339565,0.000000,0.000000,-0.000000,1.000000
40,7,H,12.241079,10.570520,9.990389,-840.068375,-1699.388690,-51.830108,-0.000000,0.000000,-0.000000,1.000000
40,8,O,14.835002,10.000164,9.996785,68.676650,-156.076446,345.026231,-0.000000,-0.000000,0.000000,16.000000
40,9,C,15.999712,9.986350,9.990742,-46.473735,-688.346569,-254.686243,-0.000000,-0.000000,-0.000000,12.000000
40,10,O,17.150394,9.998572,9.990448,-63.485164,-91.093119,-417.708790,0.000000,0.000000,-0.000000,16.000000
40,11,N,10.009347,12.998037,9.992183,331.429406,-216.666058,255.714440,-0.000000,0.000000,0.000000,14.000000
40,12,H,10.944464,13.014916,9.609883,466.561175,2552.563822,-1716.502880,-0.000000,0.000000,-0.000000,1.000000
40,13,H,9.518427,13.847752,9.630680,-2550.117951,4387.718706,-432.245685,-0.000000,0.000000,-0.000000,1.000000
40,14,H,9.516248,12.203191,9.607718,-883.927268,2145.730278,-1487.772684,-0.000000,-0.000000,-0.000000,1.000000
40,15,H,11.340266,12.995926,9.992558,925.026868,382.735551,-930.227859,0.000000,-0.000000,0.000000,1.000000
40,16,C,12.412075,12.993536,9.995937,552.188902,198.117153,-426.617320,-0.000000,-0.000000,0.000000,12.000000
40,17,C,13.608220,13.002720,9.992601,660.875561,-778.793127,182.622256,-0.000000,-0.000000,-0.000000,12.000000
40,18,H,14.632401,13.025031,10.022289,-3884.916278,2796.002481,2122.824320,-0.000000,0.000000,0.000000,1.000000
40,19,H,15.378840,12.995839,10.002472,962.311547,269.455070,355.157760,0.000000,-0.000000,-0.000000,1.000000
40,20,Cl,16.640285,13.007627,9.999494,-26.551444,241.945939,146.327808,0.000000,0.000000,-0.000000,35.500000
45,0,C,10.001330,10.006187,9.991969,-630.103659,-50.007470,-159.187431,-0.000000,0.000000,0.000000,12.000000
45,1,H,10.617932,10.638484,10.637545,-524.367110,620.138936,1853.777821,0.000000,0.000000,0.000000,1.000000
45,2,H,10.613870,9.372003,9.385273,-2657.183442,517.474913,866.755325,0.000000,-0.000000,-0.000000,1.000000
45,3,H,9.356965,10.622194,9.363375,-2349.741954,350.404204,-1383.152327,-0.000000,0.000000,-0.000000,1.000000
45,4,H,9.375445,9.370452,10.616477,1093.344381,-631.123340,-260.005585,-0.000000,-0.000000,0.000000,1.000000
45,5,O,13.005704,10.003974,9.999388,-14.885860,90.158717,215.151014,0.000000,-0.000000,0.000000,16.000000
45,6,H,13.760299,10.604974,9.980880,-181.566274,1228.727713,-1960.492035,0.000000,0.000000,-0.000000,1.000000
45,7,H,12.240224,10.568831,9.990339,-864.408473,-1680.409537,-50.920784,-0.000000,0.000000,-0.000000,1.000000
45,8,O,14.835069,10.000007,9.997130,66.444169,-156.255849,345.024297,-0.000000,-0.000000,0.000000,16.000000
45,9,C,15.999664,9.985662,9.990488,-50.331006,-689.093654,-254.032591,-0.000000,-0.000000,-0.000000,12.000000
45,10,O,17.150331,9.998481,9.990030,-61.715183,-90.603430,-417.144774,0.000000,0.000000,-0.000000,16.000000
45,11,N,10.009678,12.997821,9.992440,330.783500,-215.623113,258.278911,-0.000000,0.000000,0.000000,14.000000
45,12,H,10.944916,13.017468,9.608155,443.960281,2551.070106,-1732.741850,-0.000000,0.000000,-0.000000,1.000000
45,13,H,9.515869,13.852153,9.630241,-2563.567693,4410.688545,-442.865510,-0.000000,0.000000,-0.000000,1.000000
45,14,H,9.515355,12.205323,9.606223,-900.929972,2122.128405,-1498.934240,-0.000000,-0.000000,-0.000000,1.000000
45,15,H,11.341204,12.996307,9.991641,947.920831,380.294423,-906.228427,0.000000,-0.000000,0.000000,1.000000
45,16,C,12.412625,12.993734,9.995510,549.076284,197.470568,-426.287531,-0.000000,-0.000000,0.000000,12.000000
45,17,C,13.608879,13.001941,9.992783,658.305344,-778.919251,181.654783,-0.000000,-0.000000,-0.000000,12.000000
45,18,H,14.628498,13.027828,10.024414,-3914.139358,2796.818454,2128.738898,-0.000000,0.000000,0.000000,1.000000
45,19,H,15.379822,12.996108,10.002827,994.056021,268.139736,354.408940,0.000000,-0.000000,-0.000000,1.000000
45,20,Cl,16.640259,13.007869,9.999641,-25.791782,242.225787,146.309279,0.000000,0.000000,-0.000000,35.500000
50,0,C,10.000699,10.006139,9.991811,-630.498250,-48.059976,-157.594514,-0.000000,0.000000,0.000000,12.000000
50,1,H,10.617420,10.639113,10.639407,-504.126643,634.275121,1869.644465,0.000000,0.000000,0.000000,1.000000
50,2,H,10.611225,9.372510,9.386129,-2637.435224,502.329288,847.971906,0.000000,-0.000000,-0.000000,1.000000
50,3,H,9.354604,10.622554,9.361981,-2366.237771,367.631091,-1400.007418,-0.000000,0.000000,-0.000000,1.000000
50,4,H,9.376527,9.369810,10.616226,1073.451076,-648.567753,-245.829159,-0.000000,-0.000000,0.000000,1.000000
50,5,O,13.005689,10.004063,9.999602,-14.957821,88.874989,214.564971,0.000000,-0.000000,0.000000,16.000000
50,6,H,13.760134,10.606215,9.978918,-154.940208,1249.801116,-1964.131989,0.000000,0.000000,-0.000000,1.000000
50,7,H,12.239347,10.567162,9.990290,-884.420112,-1661.610243,-46.935771,-0.000000,0.000000,-0.000000,1.000000
50,8,O,14.835134,9.999851,9.997475,64.730190,-156.666177,344.800279,-0.000000,-0.000000,0.000000,16.000000
50,9,C,15.999612,9.984973,9.990234,-52.774634,-688.472022,-254.059926,-0.000000,-0.000000,-0.000000,12.000000
50,10,O,17.150271,9.998390,9.989612,-59.459744,-90.708209,-418.218394,0.000000,0.000000,-0.000000,16.000000
50,11,N,10.010008,12.997605,9.992700,329.858418,-214.518559,261.172919,-0.000000,0.000000,0.000000,14.000000
50,12,H,10.945347,13.020020,9.606410,421.652942,2552.975996,-1753.049894,-0.000000,0.000000,-0.000000,1.000000
50,13,H,9.513298,13.856577,9.629791,-2575.782680,4432.493791,-458.479855,-0.000000,0.000000,-0.000000,1.000000
50,14,H,9.514444,12.207432,9.604717,-916.955324,2100.536646,-1510.266234,-0.000000,-0.000000,-0.000000,1.000000
50,15,H,11.342165,12.996687,9.990746,965.388382,380.340921,-884.783306,0.000000,-0.000000,0.000000,1.000000
50,16,C,12.413173,12.993932,9.995084,546.928336,196.989586,-426.491242,-0.000000,-0.000000,0.000000,12.000000
50,17,C,13.609536,13.001162,9.992964,656.477783,-778.901763,181.449121,-0.000000,-0.000000,-0.000000,12.000000
50,18,H,14.624566,13.030626,10.026544,-3944.787526,2798.472626,2132.045275,-0.000000,0.000000,0.000000,1.000000
50,19,H,15.380833,12.996377,10.003178,1021.887637,270.136026,350.846653,0.000000,-0.000000,-0.000000,1.000000
50,20,Cl,16.640234,13.008112,9.999787,-25.443611,242.421559,145.922655,0.000000,0.000000,-0.000000,35.500000
55,0,C,10.000068,10.006091,9.991653,-631.298593,-45.841884,-157.316624,-0.000000,0.000000,0.000000,12.000000
55,1,H,10.616926,10.639757,10.641286,-484.989191,651.713295,1882.699216,0.000000,0.000000,0.000000,1.000000
55,2,H,10.608596,9.373002,9.386966,-2623.519124,481.551690,829.337333,0.000000,-0.000000,-0.000000,1.000000
55,3,H,9.352226,10.622931,9.360571,-2387.339785,380.013715,-1417.472802,-0.000000,0.000000,-0.000000,1.000000
55,4,H,9.377591,9.369152,10.615991,1054.753780,-665.668256,-226.245700,-0.000000,-0.000000,0.000000,1.000000
55,5,O,13.005675,10.004151,9.999817,-14.325009,87.517805,214.151416,0.000000,-0.000000,0.000000,16.000000
55,6,H,13.759993,10.607475,9.976952,-129.935327,1267.781105,-1970.749934,0.000000,0.000000,-0.000000,1.000000
55,7,H,12.238449,10.565509,9.990244,-906.008439,-1646.754970,-46.786399,-0.000000,0.000000,-0.000000,1.000000
55,8,O,14.835198,9.999695,9.997820,62.950478,-156.742467,345.304836,-0.000000,-0.000000,0.000000,16.000000
55,9,C,15.999558,9.984284,9.989980,-54.625507,-688.692086,-254.670022,-0.000000,-0.000000,-0.000000,12.000000
55,10,O,17.150212,9.998300,9.989194,-58.052228,-90.268642,-418.111637,0.000000,0.000000,-0.000000,16.000000
55,11,N,10.010338,12.997391,9.992962,329.464728,-213.798550,262.654954,-0.000000,0.000000,0.000000,14.000000
55,12,H,10.945755,13.022574,9.604644,399.308293,2557.548614,-1774.810168,-0.000000,0.000000,-0.000000,1.000000
55,13,H,9.510713,13.861026,9.629328,-2589.988128,4459.722352,-464.728164,-0.000000,0.000000,-0.000000,1.000000
55,14,H,9.513521,12.209519,9.603200,-928.277664,2077.029824,-1520.883110,-0.000000,-0.000000,-0.000000,1.000000
55,15,H,11.343143,12.997067,9.989875,986.922571,378.560278,-860.458926,0.000000,-0.000000,0.000000,1.000000
55,16,C,12.413718,12.994128,9.994657,544.622079,196.447449,-426.814288,-0.000000,-0.000000,0.000000,12.000000
55,17,C,13.610191,13.000383,9.993145,653.928393,-779.341743,181.001707,-0.000000,-0.000000,-0.000000,12.000000
55,18,H,14.620603,13.033424,10.028678,-3975.075132,2799.106652,2135.698840,-0.000000,0.000000,0.000000,1.000000
55,19,H,15.381874,12.996648,10.003528,1052.876196,271.913478,351.066715,0.000000,-0.000000,-0.000000,1.000000
55,20,Cl,16.640209,13.008354,9.999932,-24.517022,242.233683,145.462953,0.000000,0.000000,-0.000000,35.500000
60,0,C,9.999437,10.006046,9.991496,-631.227418,-43.926240,-156.969402,-0.000000,0.000000,0.000000,12.000000
60,1,H,10.616451,10.640422,10.643181,-469.733027,672.360236,1900.243514,0.000000,0.000000,0.000000,1.000000
60,2,H,10.605983,9.373471,9.387784,-2604.483207,462.480099,813.523929,0.000000,-0.000000,-0.000000,1.000000
60,3,H,9.349828,10.623322,9.359142,-2405.901005,398.077432,-1435.070410,-0.000000,0.000000,-0.000000,1.000000
60,4,H,9.378636,9.368476,10.615775,1039.974037,-682.439564,-208.662694,-0.000000,-0.000000,0.000000,1.000000
60,5,O,13.005661,10.004238,10.000031,-14.364067,85.653627,214.236689,0.000000,-0.000000,0.000000,16.000000
60,6,H,13.759877,10.608752,9.974980,-105.820776,1281.890477,-1972.490064,0.000000,0.000000,-0.000000,1.000000
60,7,H,12.237530,10.563873,9.990195,-927.457996,-1627.493380,-51.696937,-0.000000,0.000000,-0.000000,1.000000
60,8,O,14.835260,9.999538,9.998166,60.971979,-156.706585,345.333465,-0.000000,-0.000000,0.000000,16.000000
60,9,C,15.999502,9.983595,9.989725,-58.053398,-688.533103,-254.660730,-0.000000,-0.000000,-0.000000,12.000000
60,10,O,17.150155,9.998209,9.988776,-56.011678,-90.489098,-418.202640,0.000000,0.000000,-0.000000,16.000000
60,11,N,10.010667,12.997178,9.993226,329.578647,-213.799496,265.198254,-0.000000,0.000000,0.000000,14.000000
60,12,H,10.946143,13.025133,9.602854,382.355872,2559.137277,-1799.810740,-0.000000,0.000000,-0.000000,1.000000
60,13,H,9.508114,13.865503,9.628857,-2605.915766,4487.918068,-474.718228,-0.000000,0.000000,-0.000000,1.000000
60,14,H,9.512585,12.211583,9.601672,-939.004424,2056.163345,-1532.938831,-0.000000,-0.000000,-0.000000,1.000000
60,15,H,11.344141,12.997444,9.989026,1006.993671,375.828388,-838.568854,0.000000,-0.000000,0.000000,1.000000
60,16,C,12.414261,12.994324,9.994231,541.627315,195.523002,-426.142328,-0.000000,-0.000000,0.000000,12.000000
60,17,C,13.610844,12.999604,9.993326,652.232787,-779.696138,179.902028,-0.000000,-0.000000,-0.000000,12.000000
60,18,H,14.616609,13.036224,10.030814,-4005.252330,2799.343117,2135.086906,-0.000000,0.000000,0.000000,1.000000
60,19,H,15.382946,12.996919,10.003879,1080.304925,271.990477,347.934716,0.000000,-0.000000,-0.000000,1.000000
60,20,Cl,16.640185,13.008596,10.000078,-23.173558,242.311206,145.502732,0.000000,0.000000,-0.000000,35.500000
65,0,C,9.998805,10.006004,9.991340,-632.186154,-42.008971,-155.802297,-0.000000,0.000000,0.000000,12.000000
65,1,H,10.615992,10.641103,10.645093,-452.037276,686.971206,1919.915088,0.000000,0.000000,0.000000,1.000000
65,2,H,10.603391,9.373922,9.388590,-2585.602170,441.470694,799.873275,0.000000,-0.000000,-0.000000,1.000000
65,3,H,9.347411,10.623729,9.357695,-2423.742147,409.932003,-1454.508117,-0.000000,0.000000,-0.000000,1.000000
65,4,H,9.379666,9.367783,10.615576,1021.097970,-700.758521,-192.589553,-0.000000,-0.000000,0.000000,1.000000
65,5,O,13.005646,10.004322,10.000246,-14.527687,83.247209,214.938380,0.000000,-0.000000,0.000000,16.000000
65,6,H,13.759785,10.610047,9.973007,-81.313598,1303.181466,-1973.621327,0.000000,0.000000,-0.000000,1.000000
65,7,H,12.236590,10.562257,9.990143,-946.311905,-1608.605040,-51.867958,-0.000000,0.000000,-0.000000,1.000000
65,8,O,14.835320,9.999381,9.998511,59.661694,-157.177641,345.435090,-0.000000,-0.000000,0.000000,16.000000
65,9,C,15.999442,9.982906,9.989470,-60.914804,-689.035597,-255.226874,-0.000000,-0.000000,-0.000000,12.000000
65,10,O,17.150101,9.998119,9.988358,-53.449325,-90.272617,-419.011342,0.000000,0.000000,-0.000000,16.000000
65,11,N,10.010996,12.996964,9.993492,329.413680,-212.789514,266.979246,-0.000000,0.000000,0.000000,14.000000
65,12,H,10.946512,13.027693,9.601041,362.035244,2560.135664,-1820.230941,-0.000000,0.000000,-0.000000,1.000000
65,13,H,9.505499,13.870006,9.628377,-2620.523887,4513.613307,-484.530597,-0.000000,0.000000,-0.000000,1.000000
65,14,H,9.511637,12.213624,9.600134,-951.882015,2031.497328,-1542.966109,-0.000000,-0.000000,-0.000000,1.000000
65,15,H,11.345160,12.997818,9.988201,1025.780369,372.477570,-816.591527,0.000000,-0.000000,0.000000,1.000000
65,16,C,12.414801,12.994520,9.993804,539.138331,195.677519,-426.412372,-0.000000,-0.000000,0.000000,12.000000
65,17,C,13.611495,12.998824,9.993506,650.907907,-779.926721,179.764639,-0.000000,-0.000000,-0.000000,12.000000
65,18,H,14.612585,13.039024,10.032951,-4035.570192,2800.369087,2135.252571,-0.000000,0.000000,0.000000,1.000000
65,19,H,15.384046,12.997191,10.004226,1114.033385,271.350015,341.428147,0.000000,-0.000000,-0.000000,1.000000
65,20,Cl,16.640162,13.008838,10.000224,-22.301137,242.354196,146.302580,0.000000,0.000000,-0.000000,35.500000
70,0,C,9.998173,10.005962,9.991185,-632.095106,-40.454998,-155.673005,-0.000000,0.000000,0.000000,12.000000
70,1,H,10.615550,10.641799,10.647026,-437.366412,702.717395,1939.905407,0.000000,0.000000,0.000000,1.000000
70,2,H,10.600814,9.374351,9.389377,-2570.549948,419.260823,777.876321,0.000000,-0.000000,-0.000000,1.000000
70,3,H,9.344975,10.624151,9.356230,-2443.507904,429.424940,-1471.056938,-0.000000,0.000000,-0.000000,1.000000
70,4,H,9.380674,9.367071,10.615393,999.247152,-717.805448,-175.559458,-0.000000,-0.000000,0.000000,1.000000
70,5,O,13.005632,10.004404,10.000460,-14.633626,81.114322,215.690837,0.000000,-0.000000,0.000000,16.000000
70,6,H,13.759718,10.611361,9.971031,-56.194376,1321.109421,-1975.963727,0.000000,0.000000,-0.000000,1.000000
70,7,H,12.235630,10.560659,9.990092,-969.336721,-1591.752381,-51.094993,-0.000000,0.000000,-0.000000,1.000000
70,8,O,14.835379,9.999224,9.998857,57.739352,-157.606318,345.178359,-0.000000,-0.000000,0.000000,16.000000
70,9,C,15.999379,9.982217,9.989215,-63.933950,-689.110415,-255.109193,-0.000000,-0.000000,-0.000000,12.000000
70,10,O,17.150048,9.998028,9.987939,-51.270961,-90.858279,-419.027548,0.000000,0.000000,-0.000000,16.000000
70,11,N,10.011326,12.996752,9.993760,330.156469,-212.311038,268.910500,-0.000000,0.000000,0.000000,14.000000
70,12,H,10.946862,13.030253,9.599210,342.230520,2559.484218,-1839.420922,-0.000000,0.000000,-0.000000,1.000000
70,13,H,9.502869,13.874533,9.627886,-2632.755308,4535.372774,-497.034337,-0.000000,0.000000,-0.000000,1.000000
70,14,H,9.510677,12.215642,9.598583,-964.904764,2010.683521,-1556.544789,-0.000000,-0.000000,-0.000000,1.000000
70,15,H,11.346197,12.998189,9.987396,1046.590382,369.834259,-796.497061,0.000000,-0.000000,0.000000,1.000000
70,16,C,12.415339,12.994716,9.993378,537.748666,195.378075,-425.623871,-0.000000,-0.000000,0.000000,12.000000
70,17,C,13.612144,12.998044,9.993686,647.603296,-780.307290,179.490634,-0.000000,-0.000000,-0.000000,12.000000
70,18,H,14.608532,13.041826,10.035086,-4063.148251,2804.207566,2135.572497,-0.000000,0.000000,0.000000,1.000000
70,19,H,15.385178,12.997462,10.004564,1144.440250,269.320916,335.791684,0.000000,-0.000000,-0.000000,1.000000
70,20,Cl,16.640140,13.009081,10.000370,-21.842532,242.099167,146.298193,0.000000,0.000000,-0.000000,35.500000
75,0,C,9.997540,10.005923,9.991029,-633.567971,-38.505870,-155.304333,-0.000000,0.000000,0.000000,12.000000
75,1,H,10.615122,10.642509,10.648976,-420.138574,713.022075,1959.044752,0.000000,0.000000,0.000000,1.000000
75,2,H,10.598255,9.374759,9.390147,-2551.817590,397.870610,763.437065,0.000000,-0.000000,-0.000000,1.000000
75,3,H,9.342521,10.624591,9.354748,-2461.967970,449.308458,-1487.300427,-0.000000,0.000000,-0.000000,1.000000
75,4,H,9.381665,9.366342,10.615227,985.098807,-739.695983,-158.840721,-0.000000,-0.000000,0.000000,1.000000
75,5,O,13.005617,10.004484,10.000676,-14.677278,79.002732,215.350286,0.000000,-0.000000,0.000000,16.000000
75,6,H,13.759676,10.612692,9.969055,-32.740102,1338.605919,-1976.902508,0.000000,0.000000,-0.000000,1.000000
75,7,H,12.234647,10.559080,9.990040,-992.219930,-1571.559239,-54.153516,-0.000000,0.000000,-0.000000,1.000000
75,8,O,14.835435,9.999066,9.999202,55.803983,-157.040668,344.132909,-0.000000,-0.000000,0.000000,16.000000
75,9,C,15.999314,9.981528,9.988960,-65.828847,-688.993993,-254.823881,-0.000000,-0.000000,-0.000000,12.000000
75,10,O,17.149998,9.997937,9.987520,-49.612228,-90.946955,-419.149905,0.000000,0.000000,-0.000000,16.000000
75,11,N,10.011656,12.996540,9.994030,330.808823,-211.590349,270.924995,-0.000000,0.000000,0.000000,14.000000
75,12,H,10.947192,13.032812,9.597359,324.335988,2557.036802,-1857.579488,-0.000000,0.000000,-0.000000,1.000000
75,13,H,9.500228,13.879085,9.627383,-2645.534041,4564.014328,-505.596492,-0.000000,0.000000,-0.000000,1.000000
75,14,H,9.509703,12.217638,9.597018,-982.030466,1985.441046,-1571.851224,-0.000000,-0.000000,-0.000000,1.000000
75,15,H,11.347256,12.998557,9.986613,1067.333902,367.507296,-773.597646,0.000000,-0.000000,0.000000,1.000000
75,16,C,12.415876,12.994911,9.992952,534.810749,195.129071,-425.870392,-0.000000,-0.000000,0.000000,12.000000
75,17,C,13.612790,12.997263,9.993865,644.634005,-780.341388,179.278151,-0.000000,-0.000000,-0.000000,12.000000
75,18,H,14.604451,13.044632,10.037224,-4089.843178,2808.209855,2139.734509,-0.000000,0.000000,0.000000,1.000000
75,19,H,15.386340,12.997731,10.004900,1174.978648,268.443049,335.968409,0.000000,-0.000000,-0.000000,1.000000
75,20,Cl,16.640119,13.009323,10.000516,-21.416256,241.968405,146.290496,0.000000,0.000000,-0.000000,35.500000
80,0,C,9.996906,10.005886,9.990874,-633.556592,-37.586997,-154.771395,-0.000000,0.000000,0.000000,12.000000
80,1,H,10.614712,10.643233,10.650947,-404.775146,731.648890,1979.277059,0.000000,0.000000,0.000000,1.000000
80,2,H,10.595714,9.375148,9.390900,-2532.417839,386.144174,744.510005,0.000000,-0.000000,-0.000000,1.000000
80,3,H,9.340047,10.625051,9.353249,-2481.793774,465.373953,-1504.728311,-0.000000,0.000000,-0.000000,1.000000
80,4,H,9.382638,9.365593,10.615079,966.588553,-756.917065,-140.180298,-0.000000,-0.000000,0.000000,1.000000
80,5,O,13.005602,10.004562,10.000891,-15.205080,76.706154,215.568631,0.000000,-0.000000,0.000000,16.000000
80,6,H,13.759658,10.614044,9.967077,-5.151822,1361.449642,-1978.201236,0.000000,0.000000,-0.000000,1.000000
80,7,H,12.233641,10.557518,9.989985,-1014.145496,-1554.075379,-56.712142,-0.000000,0.000000,-0.000000,1.000000
80,8,O,14.835490,9.998909,9.999546,53.525075,-157.850401,343.047749,-0.000000,-0.000000,0.000000,16.000000
80,9,C,15.999247,9.980839,9.988705,-68.955678,-689.667089,-255.274515,-0.000000,-0.000000,-0.000000,12.000000
80,10,O,17.149949,9.997846,9.987102,-48.378351,-91.075475,-417.770940,0.000000,0.000000,-0.000000,16.000000
80,11,N,10.011987,12.996329,9.994302,330.060169,-211.367591,273.315466,-0.000000,0.000000,0.000000,14.000000
80,12,H,10.947503,13.035371,9.595490,302.149124,2560.941692,-1875.514600,-0.000000,0.000000,-0.000000,1.000000
80,13,H,9.497573,13.883664,9.626870,-2662.100146,4589.954204,-517.040264,-0.000000,0.000000,-0.000000,1.000000
80,14,H,9.508712,12.219610,9.595441,-996.421530,1964.517783,-1580.498745,-0.000000,-0.000000,-0.000000,1.000000
80,15,H,11.348337,12.998922,9.985852,1089.927205,361.923659,-753.033258,0.000000,-0.000000,0.000000,1.000000
80,16,C,12.416409,12.995106,9.992527,532.432277,195.312505,-426.357890,-0.000000,-0.000000,0.000000,12.000000
80,17,C,13.613434,12.996482,9.994044,643.231129,-781.938548,179.709300,-0.000000,-0.000000,-0.000000,12.000000
80,18,H,14.600344,13.047441,10.039365,-4117.292894,2808.461757,2143.699219,-0.000000,0.000000,0.000000,1.000000
80,19,H,15.387533,12.997997,10.005234,1205.868288,265.874819,331.214975,0.000000,-0.000000,-0.000000,1.000000
80,20,Cl,16.640099,13.009565,10.000663,-20.088822,242.568896,146.045509,0.000000,0.000000,-0.000000,35.500000
85,0,C,9.996273,10.005849,9.990719,-633.466058,-35.988096,-154.196444,-0.000000,0.000000,0.000000,12.000000
85,1,H,10.614317,10.643974,10.652937,-387.681285,747.324602,1993.339072,0.000000,0.000000,0.000000,1.000000
85,2,H,10.593191,9.375524,9.391634,-2515.221291,369.587301,725.459869,0.000000,-0.000000,-0.000000,1.000000
85,3,H,9.337553,10.625528,9.351734,-2503.351155,483.017094,-1524.956841,-0.000000,0.000000,-0.000000,1.000000
85,4,H,9.383595,9.364825,10.614949,951.597433,-776.662632,-122.064596,-0.000000,-0.000000,0.000000,1.000000
85,5,O,13.005588,10.004638,10.001107,-14.363876,75.411392,217.286764,0.000000,-0.000000,0.000000,16.000000
85,6,H,13.759667,10.615418,9.965098,16.695725,1381.943619,-1980.211272,0.000000,0.000000,-0.000000,1.000000
85,7,H,12.232611,10.555975,9.989928,-1039.638510,-1537.947953,-57.970856,-0.000000,0.000000,-0.000000,1.000000
85,8,O,14.835542,9.998751,9.999889,50.555626,-157.507057,344.076491,-0.000000,-0.000000,0.000000,16.000000
85,9,C,15.999176,9.980148,9.988450,-71.615532,-691.499534,-254.948517,-0.000000,-0.000000,-0.000000,12.000000
85,10,O,17.149902,9.997755,9.986684,-46.670226,-90.466992,-416.533475,0.000000,0.000000,-0.000000,16.000000
85,11,N,10.012317,12.996118,9.994577,331.014365,-209.562895,275.165904,-0.000000,0.000000,0.000000,14.000000
85,12,H,10.947791,13.037932,9.593599,279.146149,2562.402760,-1901.230635,-0.000000,0.000000,-0.000000,1.000000
85,13,H,9.494903,13.888270,9.626347,-2674.960598,4617.108615,-525.838927,-0.000000,0.000000,-0.000000,1.000000
85,14,H,9.507706,12.221561,9.593854,-1009.614503,1941.824895,-1589.020939,-0.000000,-0.000000,-0.000000,1.000000
85,15,H,11.349441,12.999282,9.985111,1113.071342,356.488438,-732.354460,0.000000,-0.000000,0.000000,1.000000
85,16,C,12.416940,12.995302,9.992101,528.983455,195.953404,-425.717397,-0.000000,-0.000000,0.000000,12.000000
85,17,C,13.614076,12.995700,9.994224,641.752197,-782.080616,179.409011,-0.000000,-0.000000,-0.000000,12.000000
85,18,H,14.596207,13.050254,10.041511,-4151.127809,2813.450056,2146.645518,-0.000000,0.000000,0.000000,1.000000
85,19,H,15.388755,12.998262,10.005565,1234.651276,266.819844,331.877773,0.000000,-0.000000,-0.000000,1.000000
85,20,Cl,16.640079,13.009807,10.000809,-19.072512,242.775784,146.733111,0.000000,0.000000,-0.000000,35.500000
90,0,C,9.995638,10.005815,9.990566,-634.651898,-32.588734,-153.293261,-0.000000,0.000000,0.000000,12.000000
90,1,H,10.613939,10.644730,10.654940,-373.260763,762.841835,2008.755269,0.000000,0.000000,0.000000,1.000000
90,2,H,10.590685,9.375883,9.392349,-2497.846238,351.928890,708.121929,0.000000,-0.000000,-0.000000,1.000000
90,3,H,9.335037,10.626020,9.350200,-2523.170789,497.048897,-1540.185135,-0.000000,0.000000,-0.000000,1.000000
90,4,H,9.384537,9.364037,10.614836,933.978744,-796.524622,-104.985882,-0.000000,-0.000000,0.000000,1.000000
90,5,O,13.005573,10.004711,10.001324,-14.616494,73.688634,216.675172,0.000000,-0.000000,0.000000,16.000000
90,6,H,13.759695,10.616812,9.963117,36.070463,1399.742992,-1983.707620,0.000000,0.000000,-0.000000,1.000000
90,7,H,12.231556,10.554447,9.989871,-1066.358366,-1519.740227,-57.203540,-0.000000,0.000000,-0.000000,1.000000
90,8,O,14.835591,9.998594,10.000233,48.437676,-157.442529,343.375560,-0.000000,-0.000000,0.000000,16.000000
90,9,C,15.999103,9.979457,9.988195,-73.734769,-690.874661,-254.217135,-0.000000,-0.000000,-0.000000,12.000000
90,10,O,17.149856,9.997665,9.986268,-44.817353,-90.243002,-416.705383,0.000000,0.000000,-0.000000,16.000000
90,11,N,10.012648,12.995909,9.994853,330.963346,-208.506366,277.112854,-0.000000,0.000000,0.000000,14.000000
90,12,H,10.948056,13.040494,9.591682,254.212723,2562.120759,-1925.711031,-0.000000,0.000000,-0.000000,1.000000
90,13,H,9.492220,13.892901,9.625813,-2691.617382,4640.346349,-539.972313,-0.000000,0.000000,-0.000000,1.000000
90,14,H,9.506689,12.223489,9.592257,-1023.827919,1917.922902,-1604.426331,-0.000000,-0.000000,-0.000000,1.000000
90,15,H,11.350567,12.999636,9.984391,1134.831307,351.712696,-713.220167,0.000000,-0.000000,0.000000,1.000000
90,16,C,12.417467,12.995498,9.991675,526.713685,196.395260,-425.130804,-0.000000,-0.000000,0.000000,12.000000
90,17,C,13.614716,12.994918,9.994403,639.287697,-782.127011,178.662975,-0.000000,-0.000000,-0.000000,12.000000
90,18,H,14.592037,13.053070,10.043659,-4183.704453,2817.465961,2152.138445,-0.000000,0.000000,0.000000,1.000000
90,19,H,15.390008,12.998527,10.005898,1265.555362,266.423817,331.752059,0.000000,-0.000000,-0.000000,1.000000
90,20,Cl,16.640061,13.010050,10.000956,-18.512249,243.102732,146.286778,0.000000,0.000000,-0.000000,35.500000
95,0,C,9.995003,10.005784,9.990414,-635.998106,-30.383177,-152.867509,-0.000000,0.000000,0.000000,12.000000
95,1,H,10.613575,10.645503,10.656961,-358.628960,778.460519,2030.258579,0.000000,0.000000,0.000000,1.000000
95,2,H,10.588200,9.376223,9.393047,-2474.168373,332.485442,689.877575,0.000000,-0.000000,-0.000000,1.000000
95,3,H,9.332502,10.626527,9.348650,-2541.093992,512.388529,-1555.308288,-0.000000,0.000000,-0.000000,1.000000
95,4,H,9.385460,9.363229,10.614743,913.277715,-812.023246,-84.847041,-0.000000,-0.000000,0.000000,1.000000
95,5,O,13.005559,10.004784,10.001542,-14.307566,72.053382,217.722807,0.000000,-0.000000,0.000000,16.000000
95,6,H,13.759745,10.618222,9.961133,58.936666,1419.932665,-1984.652728,0.000000,0.000000,-0.000000,1.000000
95,7,H,12.230476,10.552935,9.989813,-1089.429557,-1507.029394,-56.644398,-0.000000,0.000000,-0.000000,1.000000
95,8,O,14.835639,9.998436,10.000576,46.073947,-157.859832,343.698796,-0.000000,-0.000000,0.000000,16.000000
95,9,C,15.999028,9.978766,9.987940,-75.871476,-691.188019,-255.290392,-0.000000,-0.000000,-0.000000,12.000000
95,10,O,17.149813,9.997574,9.985851,-43.062826,-89.696867,-416.960554,0.000000,0.000000,-0.000000,16.000000
95,11,N,10.012979,12.995702,9.995131,331.087042,-207.922366,278.390458,-0.000000,0.000000,0.000000,14.000000
95,12,H,10.948297,13.043054,9.589744,230.156700,2559.736017,-1945.551101,-0.000000,0.000000,-0.000000,1.000000
95,13,H,9.489517,13.897555,9.625268,-2710.440011,4661.173921,-546.942303,-0.000000,0.000000,-0.000000,1.000000
95,14,H,9.505657,12.225395,9.590648,-1037.851534,1895.769318,-1613.283519,-0.000000,-0.000000,-0.000000,1.000000
95,15,H,11.351715,12.999987,9.983690,1156.783155,350.730935,-691.048526,0.000000,-0.000000,0.000000,1.000000
95,16,C,12.417994,12.995694,9.991250,525.902220,196.432981,-425.334642,-0.000000,-0.000000,0.000000,12.000000
95,17,C,13.615354,12.994136,9.994582,636.963674,-781.845285,178.119955,-0.000000,-0.000000,-0.000000,12.000000
95,18,H,14.587837,13.055894,10.045817,-4210.822372,2829.141607,2162.062761,-0.000000,0.000000,0.000000,1.000000
95,19,H,15.391292,12.998794,10.006229,1293.829915,268.699436,331.107464,0.000000,-0.000000,-0.000000,1.000000
95,20,Cl,16.640042,13.010293,10.001102,-18.413715,242.703208,146.093769,0.000000,0.000000,-0.000000,35.500000
100,0,C,9.994366,10.005755,9.990261,-637.517776,-28.042693,-151.478503,-0.000000,0.000000,0.000000,12.000000
100,1,H,10.613228,10.646293,10.659003,-341.000581,797.677781,2049.823655,0.000000,0.000000,0.000000,1.000000
100,2,H,10.585735,9.376545,9.393724,-2458.561033,314.680835,671.084911,0.000000,-0.000000,-0.000000,1.000000
100,3,H,9.329953,10.627051,9.347084,-2553.759180,530.329735,-1571.863047,-0.000000,0.000000,-0.000000,1.000000
100,4,H,9.386362,9.362405,10.614669,895.477033,-831.152003,-65.617654,-0.000000,-0.000000,0.000000,1.000000
100,5,O,13.005545,10.004854,10.001760,-13.156142,69.263318,217.904140,0.000000,-0.000000,0.000000,16.000000
100,6,H,13.759817,10.619655,9.959147,79.508289,1443.203842,-1985.220023,0.000000,0.000000,-0.000000,1.000000
100,7,H,12.229374,10.551438,9.989757,-1109.837043,-1492.157839,-55.251763,-0.000000,0.000000,-0.000000,1.000000
100,8,O,14.835684,9.998278,10.000920,44.260506,-157.872916,342.731162,-0.000000,-0.000000,0.000000,16.000000
100,9,C,15.998950,9.978075,9.987684,-79.432525,-692.352935,-256.293365,-0.000000,-0.000000,-0.000000,12.000000
100,10,O,17.149771,9.997485,9.985434,-41.190076,-89.561365,-416.375543,0.000000,0.000000,-0.000000,16.000000
100,11,N,10.013310,12.995494,9.995411,330.858376,-207.367693,279.387315,-0.000000,0.000000,0.000000,14.000000
100,12,H,10.948516,13.045616,9.587786,210.730181,2566.276744,-1965.027822,-0.000000,0.000000,-0.000000,1.000000
100,13,H,9.486798,13.902230,9.624715,-2725.361045,4683.545184,-556.965807,-0.000000,0.000000,-0.000000,1.000000
100,14,H,9.504610,12.227279,9.589027,-1052.696929,1878.203671,-1624.031025,-0.000000,-0.000000,-0.000000,1.000000
100,15,H,11.352884,13.000337,9.983011,1175.732025,350.151187,-670.041447,0.000000,-0.000000,0.000000,1.000000
100,16,C,12.418518,12.995890,9.990824,523.416767,196.937745,-425.818825,-0.000000,-0.000000,0.000000,12.000000
100,17,C,13.615990,12.993354,9.994759,635.052177,-780.951348,177.847877,-0.000000,-0.000000,-0.000000,12.000000
100,18,H,14.583611,13.058730,10.047986,-4237.283197,2842.717043,2176.408925,-0.000000,0.000000,0.000000,1.000000
100,19,H,15.392602,12.999060,10.006560,1322.743004,265.475822,331.954561,0.000000,-0.000000,-0.000000,1.000000
100,20,Cl,16.640025,13.010536,10.001248,-16.767693,242.310995,145.929382,0.000000,0.000000,-0.000000,35.500000
105,0,C,9.993728,10.005728,9.990110,-639.635186,-26.411242,-151.273875,-0.000000,0.000000,0.000000,12.000000
105,1,H,10.612896,10.647102,10.661062,-326.580291,815.763395,2064.665369,0.000000,0.000000,0.000000,1.000000
105,2,H,10.583286,9.376849,9.394385,-2441.897024,295.009368,651.107947,0.000000,-0.000000,-0.000000,1.000000
105,3,H,9.327388,10.627591,9.345502,-2569.848163,546.759950,-1590.734382,-0.000000,0.000000,-0.000000,1.000000
105,4,H,9.387248,9.361562,10.614612,881.443785,-848.160050,-52.576243,-0.000000,-0.000000,0.000000,1.000000
105,5,O,13.005533,10.004923,10.001978,-11.741458,67.595156,218.221900,0.000000,-0.000000,0.000000,16.000000
105,6,H,13.759908,10.621111,9.957163,100.665354,1463.968039,-1982.883490,0.000000,0.000000,-0.000000,1.000000
105,7,H,12.228251,10.549957,9.989702,-1133.883136,-1474.281048,-55.608730,-0.000000,0.000000,-0.000000,1.000000
105,8,O,14.835726,9.998120,10.001263,42.388877,-157.396120,343.004099,-0.000000,-0.000000,0.000000,16.000000
105,9,C,15.998869,9.977382,9.987428,-81.545998,-692.075532,-255.760902,-0.000000,-0.000000,-0.000000,12.000000
105,10,O,17.149731,9.997395,9.985018,-39.917394,-89.473642,-416.143913,0.000000,0.000000,-0.000000,16.000000
105,11,N,10.013641,12.995288,9.995691,331.326771,-206.162627,280.488094,-0.000000,0.000000,0.000000,14.000000
105,12,H,10.948716,13.048184,9.585809,192.950201,2567.631444,-1986.117304,-0.000000,0.000000,-0.000000,1.000000
105,13,H,9.484064,13.906929,9.624154,-2743.477668,4710.948482,-563.754862,-0.000000,0.000000,-0.000000,1.000000
105,14,H,9.503549,12.229146,9.587397,-1065.727211,1858.085932,-1635.028968,-0.000000,-0.000000,-0.000000,1.000000
105,15,H,11.354072,13.000685,9.982354,1197.894055,348.386270,-648.518952,0.000000,-0.000000,0.000000,1.000000
105,16,C,12.419040,12.996087,9.990399,521.240427,196.100682,-425.230225,-0.000000,-0.000000,0.000000,12.000000
105,17,C,13.616623,12.992573,9.994937,632.311212,-781.306605,177.951949,-0.000000,-0.000000,-0.000000,12.000000
105,18,H,14.579365,13.061587,10.050171,-4250.253595,2867.965283,2192.515344,-0.000000,0.000000,0.000000,1.000000
105,19,H,15.393944,12.999325,10.006891,1350.938452,262.633739,331.133711,0.000000,-0.000000,-0.000000,1.000000
105,20,Cl,16.640008,13.010778,10.001394,-16.657367,242.451582,145.416712,0.000000,0.000000,-0.000000,35.500000
110,0,C,9.993088,10.005703,9.989959,-640.583305,-23.918147,-151.586756,-0.000000,0.000000,0.000000,12.000000
110,1,H,10.612582,10.647927,10.663136,-305.414761,830.156883,2079.218066,0.000000,0.000000,0.000000,1.000000
110,2,H,10.580855,9.377132,9.395027,-2425.820275,274.266155,635.487405,0.000000,-0.000000,-0.000000,1.000000
110,3,H,9.324807,10.628148,9.343899,-2587.203398,564.144987,-1610.885931,-0.000000,0.000000,-0.000000,1.000000
110,4,H,9.388120,9.360703,10.614569,865.691838,-866.032978,-36.263606,-0.000000,-0.000000,0.000000,1.000000
110,5,O,13.005521,10.004989,10.002196,-11.323010,65.387652,218.186223,0.000000,-0.000000,0.000000,16.000000
110,6,H,13.760022,10.622586,9.955179,123.535548,1480.946309,-1983.084919,0.000000,0.000000,-0.000000,1.000000
110,7,H,12.227101,10.548493,9.989647,-1158.204197,-1456.765321,-53.679874,-0.000000,0.000000,-0.000000,1.000000
110,8,O,14.835768,9.997963,10.001606,39.986853,-157.260750,343.637888,-0.000000,-0.000000,0.000000,16.000000
110,9,C,15.998787,9.976690,9.987172,-83.570396,-691.708023,-255.575247,-0.000000,-0.000000,-0.000000,12.000000
110,10,O,17.149692,9.997305,9.984602,-37.862123,-90.324117,-415.685073,0.000000,0.000000,-0.000000,16.000000
110,11,N,10.013972,12.995082,9.995972,331.174555,-205.196432,282.171533,-0.000000,0.000000,0.000000,14.000000
110,12,H,10.948894,13.050752,9.583808,169.857992,2570.888400,-2011.687556,-0.000000,0.000000,-0.000000,1.000000
110,13,H,9.481312,13.911653,9.623583,-2757.152503,4731.684549,-575.115049,-0.000000,0.000000,-0.000000,1.000000
110,14,H,9.502473,12.230991,9.585755,-1082.297133,1836.426725,-1645.645812,-0.000000,-0.000000,-0.000000,1.000000
110,15,H,11.355284,13.001033,9.981719,1219.302551,346.773303,-623.795066,0.000000,-0.000000,0.000000,1.000000
110,16,C,12.419560,12.996283,9.989974,517.978988,195.794790,-424.082371,-0.000000,0.000000,0.000000,12.000000
110,17,C,13.617254,12.991792,9.995115,630.098370,-780.854945,177.771975,-0.000000,-0.000000,-0.000000,12.000000
110,18,H,14.575118,13.064470,10.052373,-4242.128907,2890.711187,2209.889634,0.000000,0.000000,0.000000,1.000000
110,19,H,15.395312,12.999584,10.007220,1380.875120,259.508729,328.087989,0.000000,-0.000000,-0.000000,1.000000
110,20,Cl,16.639992,13.011021,10.001539,-15.903953,242.296610,145.248911,0.000000,0.000000,-0.000000,35.500000
115,0,C,9.992447,10.005680,9.989808,-641.450137,-22.282217,-150.696635,-0.000000,0.000000,0.000000,12.000000
115,1,H,10.612285,10.648767,10.665226,-291.387243,845.996359,2095.900722,0.000000,0.000000,0.000000,1.000000
115,2,H,10.578439,9.377396,9.395651,-2408.541259,255.832319,613.938613,0.000000,-0.000000,-0.000000,1.000000
115,3,H,9.322210,10.628721,9.342277,-2603.476258,582.704878,-1628.622857,-0.000000,0.000000,-0.000000,1.000000
115,4,H,9.388976,9.359827,10.614545,849.550452,-884.541247,-16.573820,-0.000000,-0.000000,0.000000,1.000000
115,5,O,13.005510,10.005053,10.002414,-10.865751,63.516268,219.114405,0.000000,-0.000000,0.000000,16.000000
115,6,H,13.760158,10.624080,9.953195,143.830232,1502.538870,-1981.942790,0.000000,0.000000,-0.000000,1.000000
115,7,H,12.225928,10.547046,9.989592,-1185.111601,-1440.691263,-56.683780,-0.000000,0.000000,-0.000000,1.000000
115,8,O,14.835806,9.997806,10.001949,37.227255,-156.809356,343.422902,-0.000000,-0.000000,0.000000,16.000000
115,9,C,15.998701,9.975998,9.986917,-85.971560,-693.059659,-254.721472,-0.000000,-0.000000,-0.000000,12.000000
115,10,O,17.149655,9.997215,9.984186,-36.300439,-90.464428,-415.411011,0.000000,0.000000,-0.000000,16.000000
115,11,N,10.014303,12.994878,9.996255,330.808368,-204.176513,283.613549,-0.000000,0.000000,0.000000,14.000000
115,12,H,10.949051,13.053325,9.581783,149.712199,2575.856542,-2033.404942,-0.000000,0.000000,-0.000000,1.000000
115,13,H,9.478546,13.916399,9.623003,-2773.435026,4757.387612,-585.175368,-0.000000,0.000000,-0.000000,1.000000
115,14,H,9.501380,12.232815,9.584101,-1098.430552,1815.177917,-1657.168411,-0.000000,-0.000000,-0.000000,1.000000
115,15,H,11.356515,13.001376,9.981109,1239.346723,340.338883,-601.736870,0.000000,-0.000000,0.000000,1.000000
115,16,C,12.420076,12.996479,9.989549,515.800632,195.430255,-424.396015,-0.000000,0.000000,0.000000,12.000000
115,17,C,13.617883,12.991011,9.995293,628.125057,-780.517897,177.791143,-0.000000,-0.000000,-0.000000,12.000000
115,18,H,14.570888,13.067372,10.054592,-4219.786149,2908.859843,2222.746153,0.000000,0.000000,0.000000,1.000000
115,19,H,15.396710,12.999841,10.007550,1408.235780,253.121823,330.783625,0.000000,-0.000000,-0.000000,1.000000
115,20,Cl,16.639977,13.011263,10.001684,-15.209808,241.895651,144.973212,0.000000,0.000000,-0.000000,35.500000
120,0,C,9.991805,10.005659,9.989657,-642.795235,-20.272040,-150.033894,-0.000000,0.000000,0.000000,12.000000
120,1,H,10.612005,10.649625,10.667333,-273.055724,866.978633,2115.885041,0.000000,0.000000,0.000000,1.000000
120,2,H,10.576041,9.377643,9.396255,-2390.950595,237.866687,597.501364,0.000000,-0.000000,-0.000000,1.000000
120,3,H,9.319595,10.629315,9.340639,-2624.211080,600.229559,-1644.614062,-0.000000,0.000000,-0.000000,1.000000
120,4,H,9.389815,9.358931,10.614539,832.511536,-899.365552,2.350215,-0.000000,-0.000000,0.000000,1.000000
120,5,O,13.005500,10.005116,10.002633,-10.398149,62.642584,219.419441,0.000000,-0.000000,0.000000,16.000000
120,6,H,13.760315,10.625595,9.951211,164.561744,1525.289526,-1984.999294,0.000000,0.000000,-0.000000,1.000000
120,7,H,12.224728,10.545616,9.989533,-1209.658216,-1424.021954,-59.858994,-0.000000,0.000000,-0.000000,1.000000
120,8,O,14.835842,9.997649,10.002292,35.424232,-157.333751,343.119572,-0.000000,-0.000000,0.000000,16.000000
120,9,C,15.998614,9.975304,9.986662,-88.658269,-694.415375,-254.520761,-0.000000,-0.000000,-0.000000,12.000000
120,10,O,17.149620,9.997124,9.983771,-34.209867,-90.273734,-415.428046,0.000000,0.000000,-0.000000,16.000000
120,11,N,10.014634,12.994674,9.996540,330.899233,-204.298962,286.150355,-0.000000,0.000000,0.000000,14.000000
120,12,H,10.949188,13.055902,9.579737,128.544173,2575.687094,-2053.074904,-0.000000,0.000000,-0.000000,1.000000
120,13,H,9.475763,13.921172,9.622411,-2789.476709,4781.619637,-593.793381,-0.000000,0.000000,-0.000000,1.000000
120,14,H,9.500273,12.234615,9.582438,-1112.787336,1790.405167,-1666.425681,-0.000000,-0.000000,-0.000000,1.000000
120,15,H,11.357766,13.001714,9.980519,1259.577791,337.112146,-581.216961,0.000000,-0.000000,0.000000,1.000000
120,16,C,12.420590,12.996674,9.989125,512.843732,195.440784,-423.199133,-0.000000,0.000000,0.000000,12.000000
120,17,C,13.618510,12.990230,9.995470,625.317070,-781.462059,177.107050,-0.000000,-0.000000,-0.000000,12.000000
120,18,H,14.566684,13.070288,10.056819,-4193.987817,2918.106034,2230.644701,0.000000,0.000000,0.000000,1.000000
120,19,H,15.398136,13.000090,10.007880,1437.362028,246.556920,328.421754,0.000000,-0.000000,-0.000000,1.000000
120,20,Cl,16.639962,13.011505,10.001829,-14.586507,242.282798,144.362804,0.000000,0.000000,-0.000000,35.500000
125,0,C,9.991161,10.005640,9.989507,-643.260597,-18.865957,-150.571920,-0.000000,0.000000,0.000000,12.000000
125,1,H,10.611741,10.650502,10.669461,-258.648141,886.910452,2135.019735,0.000000,0.000000,0.000000,1.000000
125,2,H,10.573658,9.377869,9.396843,-2377.219379,216.359213,580.248580,0.000000,-0.000000,-0.000000,1.000000
125,3,H,9.316961,10.629928,9.338985,-2640.527424,620.463903,-1659.625999,-0.000000,0.000000,-0.000000,1.000000
125,4,H,9.390639,9.358022,10.614551,819.805175,-917.767124,20.922761,-0.000000,-0.000000,0.000000,1.000000
125,5,O,13.005489,10.005178,10.002853,-9.972292,60.663307,220.319627,0.000000,-0.000000,0.000000,16.000000
125,6,H,13.760492,10.627133,9.949224,185.416065,1547.858397,-1987.654752,0.000000,0.000000,-0.000000,1.000000
125,7,H,12.223503,10.544204,9.989472,-1235.250690,-1405.499464,-60.196594,-0.000000,0.000000,-0.000000,1.000000
125,8,O,14.835877,9.997492,10.002636,34.397545,-157.202831,343.447539,-0.000000,-0.000000,0.000000,16.000000
125,9,C,15.998524,9.974609,9.986408,-91.941255,-694.836913,-255.352965,-0.000000,-0.000000,-0.000000,12.000000
125,10,O,17.149588,9.997035,9.983355,-31.485874,-89.188925,-415.316023,0.000000,0.000000,-0.000000,16.000000
125,11,N,10.014965,12.994471,9.996827,331.314239,-202.455673,288.098071,-0.000000,0.000000,0.000000,14.000000
125,12,H,10.949305,13.058481,9.577671,105.818964,2579.276785,-2074.159436,-0.000000,0.000000,-0.000000,1.000000
125,13,H,9.472965,13.925968,9.621810,-2804.193995,4805.537332,-607.231473,-0.000000,0.000000,-0.000000,1.000000
125,14,H,9.499151,12.236393,9.580765,-1127.093640,1771.809986,-1676.540118,-0.000000,-0.000000,-0.000000,1.000000
125,15,H,11.359039,13.002050,9.979951,1281.222435,333.907390,-557.396956,0.000000,-0.000000,0.000000,1.000000
125,16,C,12.421101,12.996870,9.988702,510.617330,195.863256,-423.912710,-0.000000,0.000000,0.000000,12.000000
125,17,C,13.619133,12.989448,9.995647,622.497786,-782.465828,176.554527,-0.000000,-0.000000,-0.000000,12.000000
125,18,H,14.562505,13.073212,10.059054,-4166.280290,2925.853564,2238.510777,0.000000,0.000000,0.000000,1.000000
125,19,H,15.399590,13.000334,10.008206,1466.971509,243.516690,322.923792,0.000000,-0.000000,-0.000000,1.000000
125,20,Cl,16.639948,13.011747,10.001973,-13.380994,241.484989,144.678610,0.000000,0.000000,-0.000000,35.500000
130,0,C,9.990518,10.005623,9.989357,-643.253818,-16.338486,-149.690539,-0.000000,0.000000,0.000000,12.000000
130,1,H,10.611494,10.651398,10.671605,-238.382893,901.441892,2152.203076,0.000000,0.000000,0.000000,1.000000
130,2,H,10.571289,9.378075,9.397412,-2363.701244,197.732908,563.144543,0.000000,-0.000000,-0.000000,1.000000
130,3,H,9.314311,10.630559,9.337315,-2657.028584,641.195604,-1675.694651,-0.000000,0.000000,-0.000000,1.000000
130,4,H,9.391449,9.357094,10.614583,802.483112,-934.914243,38.464306,-0.000000,-0.000000,0.000000,1.000000
130,5,O,13.005480,10.005238,10.003074,-9.264018,59.137748,221.125273,0.000000,-0.000000,0.000000,16.000000
130,6,H,13.760691,10.628694,9.947236,206.642700,1571.621037,-1990.169615,0.000000,0.000000,-0.000000,1.000000
130,7,H,12.222254,10.542810,9.989413,-1258.681576,-1387.908123,-57.562495,-0.000000,0.000000,-0.000000,1.000000
130,8,O,14.835910,9.997334,10.002979,32.535519,-158.327190,343.349003,-0.000000,-0.000000,0.000000,16.000000
130,9,C,15.998430,9.973913,9.986153,-94.933562,-697.129160,-254.798782,-0.000000,-0.000000,-0.000000,12.000000
130,10,O,17.149557,9.996946,9.982940,-29.572264,-88.961034,-415.531044,0.000000,0.000000,-0.000000,16.000000
130,11,N,10.015295,12.994269,9.997117,329.928416,-201.386039,290.260991,-0.000000,0.000000,0.000000,14.000000
130,12,H,10.949396,13.061060,9.575583,82.035674,2579.550074,-2096.968187,-0.000000,0.000000,-0.000000,1.000000
130,13,H,9.470151,13.930790,9.621198,-2817.684471,4830.578663,-613.432394,-0.000000,0.000000,-0.000000,1.000000
130,14,H,9.498015,12.238151,9.579081,-1144.880036,1748.395759,-1686.675339,-0.000000,-0.000000,-0.000000,1.000000
130,15,H,11.360333,13.002382,9.979405,1303.697360,332.668399,-541.670481,0.000000,-0.000000,0.000000,1.000000
130,16,C,12.421610,12.997066,9.988279,507.962953,195.212302,-422.277988,-0.000000,0.000000,0.000000,12.000000
130,17,C,13.619754,12.988665,9.995824,619.142170,-783.177706,175.588835,-0.000000,-0.000000,-0.000000,12.000000
130,18,H,14.558356,13.076142,10.061296,-4137.189873,2934.067030,2244.352675,0.000000,0.000000,0.000000,1.000000
130,19,H,15.401072,13.000576,10.008527,1495.889234,241.644897,319.673131,0.000000,-0.000000,-0.000000,1.000000
130,20,Cl,16.639936,13.011988,10.002118,-12.113980,241.198076,144.898605,0.000000,0.000000,-0.000000,35.500000
135,0,C,9.989874,10.005608,9.989208,-643.707856,-13.960406,-148.697391,-0.000000,0.000000,0.000000,12.000000
135,1,H,10.611266,10.652312,10.673767,-219.422633,920.422283,2167.812153,0.000000,0.000000,0.000000,1.000000
135,2,H,10.568936,9.378262,9.397965,-2344.948230,179.702491,545.717782,0.000000,-0.000000,-0.000000,1.000000
135,3,H,9.311643,10.631211,9.335628,-2673.388344,661.524429,-1696.188058,-0.000000,0.000000,-0.000000,1.000000
135,4,H,9.392241,9.356148,10.614631,786.766772,-955.728945,54.314417,-0.000000,-0.000000,0.000000,1.000000
135,5,O,13.005471,10.005295,10.003295,-8.611418,57.078839,221.311995,0.000000,-0.000000,0.000000,16.000000
135,6,H,13.760912,10.630277,9.945245,230.571479,1589.877812,-1990.126654,0.000000,0.000000,-0.000000,1.000000
135,7,H,12.220981,10.541432,9.989356,-1280.736746,-1371.672818,-56.627467,-0.000000,0.000000,-0.000000,1.000000
135,8,O,14.835942,9.997176,10.003322,32.095786,-158.522776,342.880036,-0.000000,-0.000000,0.000000,16.000000
135,9,C,15.998334,9.973215,9.985898,-97.930523,-698.835502,-254.030086,-0.000000,-0.000000,-0.000000,12.000000
135,10,O,17.149529,9.996856,9.982524,-26.987911,-89.290309,-414.681854,0.000000,0.000000,-0.000000,16.000000
135,11,N,10.015625,12.994069,9.997408,329.820191,-199.832268,290.634948,-0.000000,0.000000,0.000000,14.000000
135,12,H,10.949465,13.063640,9.573473,61.204184,2580.282665,-2119.829379,-0.000000,0.000000,-0.000000,1.000000
135,13,H,9.467325,13.935634,9.620577,-2833.660406,4853.913660,-627.382811,-0.000000,0.000000,-0.000000,1.000000
135,14,H,9.496860,12.239887,9.577387,-1160.988322,1725.759669,-1699.818319,-0.000000,-0.000000,-0.000000,1.000000
135,15,H,11.361650,13.002713,9.978875,1325.883652,328.468571,-519.515101,0.000000,-0.000000,0.000000,1.000000
135,16,C,12.422117,12.997261,9.987857,504.935130,195.781275,-421.580461,-0.000000,0.000000,0.000000,12.000000
135,17,C,13.620372,12.987882,9.995999,617.363953,-782.810653,175.801026,-0.000000,-0.000000,-0.000000,12.000000
135,18,H,14.554236,13.079081,10.063542,-4108.399011,2941.621416,2248.273778,0.000000,0.000000,0.000000,1.000000
135,19,H,15.402584,13.000817,10.008845,1524.018994,239.339576,316.484105,0.000000,-0.000000,-0.000000,1.000000
135,20,Cl,16.639924,13.012229,10.002263,-10.922447,241.309807,145.183180,0.000000,0.000000,-0.000000,35.500000
140,0,C,9.989230,10.005595,9.989060,-644.213166,-11.026440,-146.467808,-0.000000,0.000000,0.000000,12.000000
140,1,H,10.611055,10.653243,10.675946,-206.498987,938.367031,2187.327283,0.000000,0.000000,0.000000,1.000000
140,2,H,10.566602,9.378429,9.398500,-2326.398119,160.471873,525.901294,0.000000,-0.000000,-0.000000,1.000000
140,3,H,9.308958,10.631882,9.333921,-2690.492974,678.220710,-1714.808014,-0.000000,0.000000,-0.000000,1.000000
140,4,H,9.393018,9.355181,10.614696,770.401160,-975.330633,74.034075,-0.000000,-0.000000,0.000000,1.000000
140,5,O,13.005463,10.005351,10.003516,-8.398746,55.601598,221.873297,0.000000,-0.000000,0.000000,16.000000
140,6,H,13.761154,10.631878,9.943253,249.149274,1608.494012,-1992.720874,0.000000,0.000000,-0.000000,1.000000
140,7,H,12.219686,10.540072,9.989299,-1303.615422,-1351.756329,-58.270476,-0.000000,0.000000,-0.000000,1.000000
140,8,O,14.835973,9.997018,10.003665,30.144429,-158.050312,342.763783,-0.000000,-0.000000,0.000000,16.000000
140,9,C,15.998235,9.972516,9.985645,-99.381438,-700.356355,-253.647528,-0.000000,-0.000000,-0.000000,12.000000
140,10,O,17.149503,9.996767,9.982110,-26.203250,-90.187078,-415.167389,0.000000,0.000000,-0.000000,16.000000
140,11,N,10.015955,12.993870,9.997699,329.256348,-198.345221,292.996502,-0.000000,0.000000,0.000000,14.000000
140,12,H,10.949514,13.066221,9.571340,41.439931,2581.846753,-2139.429289,-0.000000,0.000000,-0.000000,1.000000
140,13,H,9.464482,13.940502,9.619943,-2847.439856,4877.931547,-638.744451,-0.000000,0.000000,-0.000000,1.000000
140,14,H,9.495689,12.241600,9.575680,-1177.084043,1701.486028,-1712.863264,-0.000000,-0.000000,-0.000000,1.000000
140,15,H,11.362989,13.003039,9.978369,1347.270332,323.726303,-493.904781,0.000000,-0.000000,0.000000,1.000000
140,16,C,12.422620,12.997457,9.987435,502.341165,196.328136,-422.042171,-0.000000,0.000000,0.000000,12.000000
140,17,C,13.620988,12.987099,9.996175,615.477311,-782.999228,174.867453,-0.000000,-0.000000,-0.000000,12.000000
140,18,H,14.550145,13.082030,10.065791,-4080.083360,2954.961345,2248.624917,0.000000,0.000000,0.000000,1.000000
140,19,H,15.404127,13.001055,10.009161,1556.946770,236.161587,316.538766,0.000000,-0.000000,-0.000000,1.000000
140,20,Cl,16.639914,13.012471,10.002409,-9.522022,240.781887,146.399061,0.000000,0.000000,-0.000000,35.500000
145,0,C,9.988586,10.005585,9.988915,-644.429319,-9.279253,-145.689398,-0.000000,0.000000,0.000000,12.000000
145,1,H,10.610857,10.654191,10.678144,-193.050853,952.057406,2206.778147,0.000000,0.000000,0.000000,1.000000
145,2,H,10.564284,9.378580,9.399016,-2314.743341,144.262572,507.803036,0.000000,-0.000000,-0.000000,1.000000
145,3,H,9.306256,10.632570,9.332197,-2710.214821,693.227239,-1732.196077,-0.000000,0.000000,-0.000000,1.000000
145,4,H,9.393778,9.354196,10.614779,752.555645,-991.666021,87.909093,-0.000000,-0.000000,0.000000,1.000000
145,5,O,13.005454,10.005406,10.003738,-8.408121,54.497835,222.084377,0.000000,-0.000000,0.000000,16.000000
145,6,H,13.761416,10.633499,9.941260,268.034384,1629.691881,-1993.953847,0.000000,0.000000,-0.000000,1.000000
145,7,H,12.218369,10.538729,9.989240,-1327.544506,-1337.043285,-63.787821,-0.000000,0.000000,-0.000000,1.000000
145,8,O,14.836001,9.996860,10.004008,28.503220,-158.417147,342.852535,-0.000000,-0.000000,0.000000,16.000000
145,9,C,15.998134,9.971815,9.985392,-102.103791,-701.483238,-252.234488,-0.000000,-0.000000,-0.000000,12.000000
145,10,O,17.149477,9.996677,9.981694,-24.581655,-89.822741,-415.291826,0.000000,0.000000,-0.000000,16.000000
145,11,N,10.016284,12.993672,9.997994,329.087633,-196.791696,295.719426,-0.000000,0.000000,0.000000,14.000000
145,12,H,10.949542,13.068806,9.569188,18.704431,2584.953991,-2160.842987,-0.000000,0.000000,-0.000000,1.000000
145,13,H,9.461626,13.945393,9.619297,-2861.370382,4898.963616,-652.257684,-0.000000,0.000000,-0.000000,1.000000
145,14,H,9.494505,12.243288,9.573959,-1190.725871,1678.530074,-1726.307132,-0.000000,-0.000000,-0.000000,1.000000
145,15,H,11.364349,13.003360,9.977889,1366.301265,318.952166,-470.438221,0.000000,-0.000000,0.000000,1.000000
145,16,C,12.423121,12.997653,9.987013,499.968598,196.031625,-422.614077,-0.000000,0.000000,0.000000,12.000000
145,17,C,13.621602,12.986316,9.996350,613.115141,-783.926268,176.145199,-0.000000,-0.000000,-0.000000,12.000000
145,18,H,14.546083,13.084990,10.068041,-4050.649459,2963.261966,2251.334522,0.000000,0.000000,0.000000,1.000000
145,19,H,15.405702,13.001290,10.009476,1584.418906,233.079510,312.861319,0.000000,-0.000000,-0.000000,1.000000
145,20,Cl,16.639904,13.012711,10.002555,-9.617885,240.751525,146.680645,0.000000,0.000000,-0.000000,35.500000
150,0,C,9.987941,10.005577,9.988769,-645.743120,-6.801896,-145.101525,-0.000000,0.000000,0.000000,12.000000
150,1,H,10.610675,10.655153,10.680362,-173.207974,969.692837,2223.021675,0.000000,0.000000,0.000000,1.000000
150,2,H,10.561979,9.378713,9.399513,-2298.776551,125.273548,489.750309,0.000000,-0.000000,-0.000000,1.000000
150,3,H,9.303533,10.633272,9.330454,-2733.118446,708.926541,-1750.133810,-0.000000,0.000000,-0.000000,1.000000
150,4,H,9.394520,9.353194,10.614879,736.172955,-1007.967969,108.523606,-0.000000,-0.000000,0.000000,1.000000
150,5,O,13.005446,10.005459,10.003960,-8.463000,52.204824,222.056929,0.000000,-0.000000,0.000000,16.000000
150,6,H,13.761697,10.635141,9.939266,291.012476,1649.622494,-1994.349520,0.000000,0.000000,-0.000000,1.000000
150,7,H,12.217023,10.537401,9.989173,-1355.524897,-1323.356563,-70.584944,-0.000000,0.000000,-0.000000,1.000000
150,8,O,14.836029,9.996701,10.004351,26.643195,-158.445212,343.183148,-0.000000,-0.000000,0.000000,16.000000
150,9,C,15.998030,9.971112,9.985140,-104.160993,-703.771409,-251.079994,-0.000000,-0.000000,-0.000000,12.000000
150,10,O,17.149454,9.996587,9.981279,-22.777512,-89.482728,-415.533606,0.000000,0.000000,-0.000000,16.000000
150,11,N,10.016613,12.993476,9.998291,327.693923,-195.137059,297.760550,-0.000000,0.000000,0.000000,14.000000
150,12,H,10.949548,13.071393,9.567013,-5.424220,2591.668268,-2184.386482,-0.000000,0.000000,-0.000000,1.000000
150,13,H,9.458757,13.950307,9.618641,-2875.792184,4923.419814,-661.689207,-0.000000,0.000000,-0.000000,1.000000
150,14,H,9.493306,12.244955,9.572227,-1203.828292,1657.852770,-1735.759979,-0.000000,-0.000000,-0.000000,1.000000
150,15,H,11.365729,13.003677,9.977432,1388.197279,315.339904,-446.958859,0.000000,-0.000000,0.000000,1.000000
150,16,C,12.423620,12.997849,9.986590,497.346195,195.733571,-422.819526,-0.000000,0.000000,-0.000000,12.000000
150,17,C,13.622214,12.985532,9.996526,610.513091,-783.730881,176.025444,-0.000000,-0.000000,-0.000000,12.000000
150,18,H,14.542050,13.087957,10.070294,-4021.183515,2969.711433,2253.821501,0.000000,0.000000,0.000000,1.000000
150,19,H,15.407307,13.001521,10.009787,1619.639112,228.489459,310.765254,0.000000,-0.000000,-0.000000,1.000000
150,20,Cl,16.639895,13.012952,10.002702,-8.780157,240.368124,147.002755,0.000000,0.000000,-0.000000,35.500000
155,0,C,9.987295,10.005571,9.988624,-646.996758,-4.934493,-144.992085,-0.000000,0.000000,0.000000,12.000000
155,1,H,10.610511,10.656134,10.682596,-159.262860,990.625930,2239.792854,0.000000,0.000000,0.000000,1.000000
155,2,H,10.559691,9.378828,9.399993,-2279.644248,106.873084,473.070488,0.000000,-0.000000,-0.000000,1.000000
155,3,H,9.300788,10.633991,9.328693,-2752.006771,724.206935,-1768.328325,-0.000000,0.000000,-0.000000,1.000000
155,4,H,9.395247,9.352175,10.614998,721.727239,-1024.463132,125.928377,-0.000000,-0.000000,0.000000,1.000000
155,5,O,13.005438,10.005511,10.004182,-7.213111,50.691244,221.743231,0.000000,-0.000000,0.000000,16.000000
155,6,H,13.762002,10.636802,9.937271,312.089359,1669.047064,-1993.731457,0.000000,0.000000,-0.000000,1.000000
155,7,H,12.215653,10.536087,9.989102,-1379.122192,-1310.319855,-69.004054,-0.000000,0.000000,-0.000000,1.000000
155,8,O,14.836054,9.996543,10.004695,24.112372,-158.028209,343.496769,-0.000000,-0.000000,0.000000,16.000000
155,9,C,15.997925,9.970408,9.984888,-104.916552,-703.997753,-251.237942,-0.000000,-0.000000,-0.000000,12.000000
155,10,O,17.149432,9.996497,9.980863,-21.795558,-89.493473,-415.234067,0.000000,0.000000,-0.000000,16.000000
155,11,N,10.016940,12.993281,9.998590,327.700092,-194.170840,300.270448,-0.000000,0.000000,0.000000,14.000000
155,12,H,10.949528,13.073986,9.564816,-26.786113,2595.155217,-2206.123523,-0.000000,0.000000,-0.000000,1.000000
155,13,H,9.455874,13.955244,9.617974,-2888.480031,4945.131007,-669.566235,-0.000000,0.000000,-0.000000,1.000000
155,14,H,9.492096,12.246600,9.570484,-1212.398646,1638.019256,-1747.949156,-0.000000,-0.000000,-0.000000,1.000000
155,15,H,11.367127,13.003992,9.976997,1407.188671,314.949525,-430.711736,0.000000,-0.000000,0.000000,1.000000
155,16,C,12.424115,12.998045,9.986168,493.932835,195.031883,-422.177502,-0.000000,0.000000,-0.000000,12.000000
155,17,C,13.622823,12.984748,9.996702,606.946846,-784.847153,176.296429,-0.000000,-0.000000,-0.000000,12.000000
155,18,H,14.538046,13.090933,10.072551,-3990.601269,2980.746576,2257.525112,0.000000,0.000000,0.000000,1.000000
155,19,H,15.408945,13.001751,10.010097,1648.973403,230.877157,307.978426,0.000000,-0.000000,-0.000000,1.000000
155,20,Cl,16.639887,13.013193,10.002849,-8.332787,241.090416,147.219276,0.000000,0.000000,-0.000000,35.500000
160,0,C,9.986647,10.005568,9.988480,-648.733171,-2.448202,-144.033427,-0.000000,0.000000,0.000000,12.000000
160,1,H,10.610362,10.657136,10.684848,-143.376763,1011.153010,2257.920066,0.000000,0.000000,0.000000,1.000000
160,2,H,10.557422,9.378924,9.400455,-2262.330762,92.317688,457.247583,0.000000,-0.000000,-0.000000,1.000000
160,3,H,9.298025,10.634723,9.326915,-2770.594501,739.493718,-1784.224179,-0.000000,0.000000,-0.000000,1.000000
160,4,H,9.395959,9.351142,10.615133,706.940386,-1040.556142,141.562029,-0.000000,-0.000000,0.000000,1.000000
160,5,O,13.005431,10.005560,10.004404,-6.646010,49.319889,221.335501,0.000000,-0.000000,0.000000,16.000000
160,6,H,13.762328,10.638484,9.935277,335.141401,1689.804840,-1993.960022,0.000000,0.000000,-0.000000,1.000000
160,7,H,12.214256,10.534787,9.989033,-1409.498241,-1292.456337,-69.902181,-0.000000,0.000000,-0.000000,1.000000
160,8,O,14.836077,9.996385,10.005038,22.113564,-158.334147,342.775169,-0.000000,-0.000000,0.000000,16.000000
160,9,C,15.997819,9.969703,9.984637,-107.258565,-705.379496,-252.162324,-0.000000,-0.000000,-0.000000,12.000000
160,10,O,17.149411,9.996408,9.980448,-20.670473,-89.714834,-415.809956,0.000000,0.000000,-0.000000,16.000000
160,11,N,10.017268,12.993088,9.998891,327.462150,-193.004511,302.015681,-0.000000,0.000000,0.000000,14.000000
160,12,H,10.949488,13.076584,9.562597,-48.647709,2600.539692,-2226.061659,-0.000000,0.000000,-0.000000,1.000000
160,13,H,9.452976,13.960203,9.617298,-2905.067685,4968.810015,-678.001650,-0.000000,0.000000,-0.000000,1.000000
160,14,H,9.490873,12.248224,9.568729,-1228.162608,1612.044637,-1760.076298,-0.000000,-0.000000,-0.000000,1.000000
160,15,H,11.368545,13.004302,9.976577,1425.292496,307.469025,-410.015409,0.000000,-0.000000,0.000000,1.000000
160,16,C,12.424607,12.998240,9.985746,491.092025,194.524688,-421.533167,-0.000000,0.000000,-0.000000,12.000000
160,17,C,13.623428,12.983963,9.996878,605.354709,-783.876542,175.664775,-0.000000,-0.000000,-0.000000,12.000000
160,18,H,14.534073,13.093916,10.074811,-3961.563570,2983.166038,2261.681622,0.000000,0.000000,0.000000,1.000000
160,19,H,15.410611,13.001977,10.010401,1678.927210,224.818917,301.908570,0.000000,-0.000000,-0.000000,1.000000
160,20,Cl,16.639879,13.013434,10.002996,-7.074310,240.984168,147.093371,0.000000,0.000000,-0.000000,35.500000
165,0,C,9.985997,10.005566,9.988336,-649.707301,-0.939830,-143.351174,-0.000000,0.000000,0.000000,12.000000
165,1,H,10.610229,10.658159,10.687117,-124.742845,1030.047535,2278.193016,0.000000,0.000000,0.000000,1.000000
165,2,H,10.555172,9.379006,9.400901,-2242.091545,76.864868,439.249641,0.000000,-0.000000,-0.000000,1.000000
165,3,H,9.295244,10.635474,9.325121,-2787.900334,758.798709,-1801.919152,-0.000000,0.000000,-0.000000,1.000000
165,4,H,9.396655,9.350090,10.615285,690.678118,-1059.309835,156.427016,-0.000000,-0.000000,0.000000,1.000000
165,5,O,13.005425,10.005609,10.004625,-5.435943,48.988501,220.648476,0.000000,-0.000000,0.000000,16.000000
165,6,H,13.762677,10.640187,9.933282,357.894088,1708.876950,-1995.178371,0.000000,0.000000,-0.000000,1.000000
165,7,H,12.212831,10.533506,9.988961,-1436.265219,-1275.685214,-75.038457,-0.000000,0.000000,-0.000000,1.000000
165,8,O,14.836098,9.996227,10.005381,20.471924,-158.882386,343.967589,-0.000000,-0.000000,0.000000,16.000000
165,9,C,15.997710,9.968997,9.984384,-110.281205,-706.249815,-253.170437,-0.000000,-0.000000,-0.000000,12.000000
165,10,O,17.149391,9.996319,9.980032,-18.626898,-88.139547,-415.378372,0.000000,0.000000,-0.000000,16.000000
165,11,N,10.017595,12.992896,9.999194,327.280573,-190.697351,303.559692,-0.000000,0.000000,0.000000,14.000000
165,12,H,10.949425,13.079188,9.560358,-70.881704,2603.920514,-2248.090453,-0.000000,0.000000,-0.000000,1.000000
165,13,H,9.450062,13.965186,9.616615,-2918.195060,4995.545541,-684.254731,-0.000000,0.000000,-0.000000,1.000000
165,14,H,9.489636,12.249822,9.566963,-1243.963764,1588.767950,-1768.343626,-0.000000,-0.000000,-0.000000,1.000000
165,15,H,11.369983,13.004608,9.976179,1446.411208,302.106078,-391.572457,0.000000,-0.000000,0.000000,1.000000
165,16,C,12.425097,12.998434,9.985324,488.900052,192.915172,-421.541068,-0.000000,0.000000,-0.000000,12.000000
165,17,C,13.624032,12.983180,9.997054,602.616949,-783.757631,175.409820,-0.000000,-0.000000,-0.000000,12.000000
165,18,H,14.530130,13.096901,10.077076,-3930.353908,2984.636681,2267.367032,0.000000,0.000000,0.000000,1.000000
165,19,H,15.412309,13.002200,10.010701,1711.076131,221.342915,295.850917,0.000000,-0.000000,-0.000000,1.000000
165,20,Cl,16.639873,13.013675,10.003143,-6.089829,241.069930,147.215876,0.000000,0.000000,-0.000000,35.500000
170,0,C,9.985347,10.005566,9.988193,-650.325808,0.501364,-142.966092,-0.000000,0.000000,0.000000,12.000000
170,1,H,10.610114,10.659199,10.689407,-107.499641,1047.949208,2298.395438,0.000000,0.000000,0.000000,1.000000
170,2,H,10.552941,9.379073,9.401329,-2223.713777,59.334854,421.212864,0.000000,-0.000000,-0.000000,1.000000
170,3,H,9.292447,10.636241,9.323311,-2803.124189,772.755102,-1814.769509,-0.000000,0.000000,-0.000000,1.000000
170,4,H,9.397335,9.349019,10.615450,672.503347,-1076.933736,171.091154,-0.000000,-0.000000,0.000000,1.000000
170,5,O,13.005420,10.005657,10.004846,-4.366675,47.087327,221.585113,0.000000,-0.000000,0.000000,16.000000
170,6,H,13.763047,10.641907,9.931286,376.109607,1729.865060,-1997.905696,0.000000,0.000000,-0.000000,1.000000
170,7,H,12.211378,10.532243,9.988886,-1464.543022,-1257.924089,-74.564181,-0.000000,0.000000,-0.000000,1.000000
170,8,O,14.836118,9.996068,10.005725,18.622639,-158.834288,343.312435,-0.000000,-0.000000,0.000000,16.000000
170,9,C,15.997598,9.968291,9.984131,-112.541711,-706.573986,-252.605511,-0.000000,-0.000000,-0.000000,12.000000
170,10,O,17.149374,9.996231,9.979617,-16.523778,-87.088368,-416.103986,0.000000,0.000000,-0.000000,16.000000
170,11,N,10.017923,12.992707,9.999499,327.617688,-188.436898,306.092978,-0.000000,0.000000,0.000000,14.000000
170,12,H,10.949342,13.081794,9.558096,-91.642437,2607.646099,-2272.926668,-0.000000,0.000000,-0.000000,1.000000
170,13,H,9.447134,13.970199,9.615925,-2937.433429,5024.303443,-694.150652,-0.000000,0.000000,-0.000000,1.000000
170,14,H,9.488382,12.251397,9.565186,-1261.437829,1567.235056,-1783.081248,-0.000000,-0.000000,-0.000000,1.000000
170,15,H,11.371442,13.004908,9.975802,1469.179541,298.818740,-368.205509,0.000000,-0.000000,0.000000,1.000000
170,16,C,12.425584,12.998627,9.984903,486.864290,193.049956,-421.252927,-0.000000,0.000000,-0.000000,12.000000
170,17,C,13.624634,12.982396,9.997228,601.080150,-783.051314,174.580947,-0.000000,-0.000000,-0.000000,12.000000
170,18,H,14.526216,13.099888,10.079346,-3902.900749,2987.983101,2271.243847,0.000000,0.000000,0.000000,1.000000
170,19,H,15.414037,13.002419,10.010992,1741.330129,220.101001,288.679476,0.000000,-0.000000,-0.000000,1.000000
170,20,Cl,16.639868,13.013915,10.003291,-4.602695,240.729588,147.407844,0.000000,0.000000,-0.000000,35.500000
175,0,C,9.984696,10.005568,9.988050,-652.641137,2.333043,-142.712610,-0.000000,0.000000,0.000000,12.000000
175,1,H,10.610016,10.660259,10.691717,-91.913993,1066.063065,2317.402546,0.000000,0.000000,0.000000,1.000000
175,2,H,10.550728,9.379122,9.401738,-2206.325889,39.863020,401.836127,0.000000,-0.000000,-0.000000,1.000000
175,3,H,9.289632,10.637026,9.321486,-2820.775810,793.032471,-1830.147799,-0.000000,0.000000,-0.000000,1.000000
175,4,H,9.397997,9.347930,10.615631,657.078676,-1098.065953,187.470608,-0.000000,-0.000000,0.000000,1.000000
175,5,O,13.005416,10.005703,10.005068,-4.396209,45.504866,221.802760,0.000000,-0.000000,0.000000,16.000000
175,6,H,13.763438,10.643650,9.929287,400.048171,1752.227812,-2001.606019,0.000000,0.000000,-0.000000,1.000000
175,7,H,12.209898,10.530996,9.988812,-1490.478828,-1238.614636,-73.887752,-0.000000,0.000000,-0.000000,1.000000
175,8,O,14.836135,9.995909,10.006068,17.007718,-159.657292,342.850669,-0.000000,-0.000000,0.000000,16.000000
175,9,C,15.997485,9.967584,9.983878,-114.618997,-707.155251,-252.013223,-0.000000,-0.000000,-0.000000,12.000000
175,10,O,17.149359,9.996144,9.979200,-14.932543,-86.837215,-416.275782,0.000000,0.000000,-0.000000,16.000000
175,11,N,10.018250,12.992519,9.999806,327.368042,-186.854185,306.888684,-0.000000,0.000000,0.000000,14.000000
175,12,H,10.949237,13.084405,9.555811,-112.215369,2612.578032,-2293.363521,-0.000000,0.000000,-0.000000,1.000000
175,13,H,9.444189,13.975237,9.615227,-2948.674365,5047.663199,-702.414856,-0.000000,0.000000,-0.000000,1.000000
175,14,H,9.487111,12.252949,9.563395,-1276.408473,1544.686213,-1795.354636,-0.000000,-0.000000,-0.000000,1.000000
175,15,H,11.372924,13.005203,9.975444,1493.886206,292.388631,-351.033365,0.000000,-0.000000,0.000000,1.000000
175,16,C,12.426070,12.998820,9.984482,484.517423,193.154161,-421.439532,-0.000000,0.000000,-0.000000,12.000000
175,17,C,13.625233,12.981613,9.997402,599.428918,-782.638488,173.615907,-0.000000,-0.000000,-0.000000,12.000000
175,18,H,14.522330,13.102878,10.081622,-3873.826815,2989.737395,2278.881789,0.000000,0.000000,0.000000,1.000000
175,19,H,15.415797,13.002635,10.011279,1772.279101,213.421171,284.317055,0.000000,-0.000000,-0.000000,1.000000
175,20,Cl,16.639863,13.014156,10.003438,-3.865426,240.529555,147.370769,0.000000,0.000000,-0.000000,35.500000
180,0,C,9.984043,10.005571,9.987908,-652.920744,4.473664,-141.675983,-0.000000,0.000000,0.000000,12.000000
180,1,H,10.609933,10.661335,10.694044,-77.174669,1083.142328,2333.052502,0.000000,0.000000,0.000000,1.000000
180,2,H,10.548530,9.379149,9.402129,-2191.984393,17.083650,384.039963,0.000000,-0.000000,-0.000000,1.000000
180,3,H,9.286801,10.637830,9.319647,-2836.879608,811.057820,-1841.310310,-0.000000,0.000000,-0.000000,1.000000
180,4,H,9.398645,9.346820,10.615829,643.713870,-1117.247958,202.091407,-0.000000,-0.000000,0.000000,1.000000
180,5,O,13.005412,10.005748,10.005289,-4.216861,44.139716,221.686063,0.000000,-0.000000,0.000000,16.000000
180,6,H,13.763852,10.645415,9.927285,421.300520,1773.801793,-2003.275956,0.000000,0.000000,-0.000000,1.000000
180,7,H,12.208391,10.529768,9.988738,-1517.230743,-1222.407939,-74.697209,-0.000000,0.000000,-0.000000,1.000000
180,8,O,14.836151,9.995749,10.006411,15.013447,-159.759942,342.892144,-0.000000,0.000000,0.000000,16.000000
180,9,C,15.997368,9.966876,9.983626,-117.093491,-707.783664,-252.187866,-0.000000,-0.000000,-0.000000,12.000000
180,10,O,17.149345,9.996057,9.978783,-13.782521,-88.021708,-416.615140,0.000000,0.000000,-0.000000,16.000000
180,11,N,10.018578,12.992334,10.000114,327.992931,-185.036593,309.580763,-0.000000,0.000000,0.000000,14.000000
180,12,H,10.949112,13.087020,9.553505,-133.873843,2617.662692,-2314.312761,-0.000000,0.000000,-0.000000,1.000000
180,13,H,9.441232,13.980300,9.614517,-2962.172739,5071.265346,-714.086566,-0.000000,0.000000,-0.000000,1.000000
180,14,H,9.485826,12.254481,9.561593,-1290.634695,1522.749466,-1807.701977,-0.000000,-0.000000,-0.000000,1.000000
180,15,H,11.374431,13.005493,9.975106,1517.126099,290.209365,-328.995542,0.000000,-0.000000,0.000000,1.000000
180,16,C,12.426553,12.999013,9.984060,482.103067,193.403366,-420.283977,-0.000000,0.000000,-0.000000,12.000000
180,17,C,13.625831,12.980830,9.997576,596.967134,-782.224015,173.820101,-0.000000,-0.000000,-0.000000,12.000000
180,18,H,14.518474,13.105871,10.083903,-3845.973532,2996.003533,2284.010264,0.000000,0.000000,0.000000,1.000000
180,19,H,15.417588,13.002845,10.011561,1803.521713,208.027719,281.598799,0.000000,-0.000000,-0.000000,1.000000
180,20,Cl,16.639860,13.014397,10.003585,-3.199158,240.902398,146.939915,0.000000,0.000000,-0.000000,35.500000
185,0,C,9.983389,10.005577,9.987767,-654.141470,7.355933,-141.049635,-0.000000,0.000000,0.000000,12.000000
185,1,H,10.609866,10.662429,10.696389,-59.814676,1100.266758,2351.785144,0.000000,0.000000,0.000000,1.000000
185,2,H,10.546347,9.379155,9.402502,-2174.495769,0.427621,363.550859,0.000000,-0.000000,-0.000000,1.000000
185,3,H,9.283953,10.638648,9.317794,-2858.818770,824.987419,-1859.072475,-0.000000,0.000000,-0.000000,1.000000
185,4,H,9.399276,9.345690,10.616043,622.254486,-1138.367382,219.879619,-0.000000,-0.000000,0.000000,1.000000
185,5,O,13.005408,10.005790,10.005511,-2.495291,41.136934,221.959946,0.000000,-0.000000,0.000000,16.000000
185,6,H,13.764287,10.647202,9.925280,442.814147,1794.237782,-2006.294881,0.000000,0.000000,-0.000000,1.000000
185,7,H,12.206858,10.528558,9.988662,-1544.208538,-1202.907456,-75.791858,-0.000000,0.000000,-0.000000,1.000000
185,8,O,14.836165,9.995589,10.006753,13.069127,-159.904155,342.217339,-0.000000,0.000000,0.000000,16.000000
185,9,C,15.997250,9.966168,9.983374,-119.188054,-708.125791,-252.897745,-0.000000,-0.000000,-0.000000,12.000000
185,10,O,17.149332,9.995969,9.978367,-11.194132,-87.789503,-416.263734,0.000000,0.000000,-0.000000,16.000000
185,11,N,10.018906,12.992149,10.000425,327.249152,-183.986016,311.357404,-0.000000,0.000000,0.000000,14.000000
185,12,H,10.948965,13.089641,9.551180,-153.206291,2623.515589,-2334.508591,-0.000000,0.000000,-0.000000,1.000000
185,13,H,9.438263,13.985387,9.613798,-2975.839229,5097.695443,-724.588493,-0.000000,0.000000,-0.000000,1.000000
185,14,H,9.484526,12.255992,9.559777,-1304.032197,1501.552355,-1821.100786,-0.000000,-0.000000,-0.000000,1.000000
185,15,H,11.375960,13.005780,9.974788,1538.216684,284.038443,-307.703669,0.000000,-0.000000,0.000000,1.000000
185,16,C,12.427034,12.999206,9.983640,480.117775,192.313070,-419.498883,-0.000000,0.000000,-0.000000,12.000000
185,17,C,13.626427,12.980048,9.997750,594.143084,-782.653213,174.253097,-0.000000,-0.000000,-0.000000,12.000000
185,18,H,14.514646,13.108870,10.086188,-3817.067142,3001.267448,2286.257447,0.000000,0.000000,0.000000,1.000000
185,19,H,15.419409,13.003050,10.011841,1832.227534,202.981956,280.083487,0.000000,-0.000000,-0.000000,1.000000
185,20,Cl,16.639857,13.014638,10.003732,-2.568790,240.742055,147.372254,0.000000,0.000000,-0.000000,35.500000
190,0,C,9.982735,10.005586,9.987626,-653.677231,8.897531,-140.154895,-0.000000,0.000000,0.000000,12.000000
190,1,H,10.609816,10.663540,10.698753,-43.497756,1118.833386,2370.900687,0.000000,0.000000,0.000000,1.000000
190,2,H,10.544183,9.379144,9.402857,-2158.228475,-16.410455,348.806251,0.000000,-0.000000,-0.000000,1.000000
190,3,H,9.281083,10.639483,9.315924,-2876.451586,843.004851,-1876.749621,-0.000000,0.000000,-0.000000,1.000000
190,4,H,9.399889,9.344540,10.616274,607.349923,-1158.628152,237.974350,-0.000000,-0.000000,0.000000,1.000000
190,5,O,13.005406,10.005831,10.005733,-1.988962,39.639543,222.350167,0.000000,-0.000000,0.000000,16.000000
190,6,H,13.764744,10.649008,9.923272,467.390609,1814.635257,-2008.608722,0.000000,0.000000,-0.000000,1.000000
190,7,H,12.205299,10.527363,9.988585,-1569.976459,-1189.020758,-74.633821,-0.000000,0.000000,-0.000000,1.000000
190,8,O,14.836177,9.995429,10.007096,11.358833,-160.614983,342.432665,-0.000000,0.000000,0.000000,16.000000
190,9,C,15.997129,9.965459,9.983122,-121.963988,-709.278274,-251.428060,-0.000000,-0.000000,-0.000000,12.000000
190,10,O,17.149323,9.995881,9.977951,-7.416865,-87.763937,-415.988648,0.000000,0.000000,-0.000000,16.000000
190,11,N,10.019233,12.991966,10.000737,327.065350,-183.227183,312.593607,-0.000000,0.000000,0.000000,14.000000
190,12,H,10.948800,13.092267,9.548833,-173.687328,2626.149204,-2356.121795,-0.000000,0.000000,-0.000000,1.000000
190,13,H,9.435278,13.990497,9.613069,-2990.576080,5118.067869,-729.207272,-0.000000,0.000000,-0.000000,1.000000
190,14,H,9.483211,12.257479,9.557946,-1322.462347,1478.735550,-1838.234255,-0.000000,-0.000000,-0.000000,1.000000
190,15,H,11.377512,13.006061,9.974493,1562.574088,279.944215,-285.044139,0.000000,-0.000000,0.000000,1.000000
190,16,C,12.427512,12.999399,9.983220,477.306780,193.437481,-420.364773,-0.000000,0.000000,-0.000000,12.000000
190,17,C,13.627020,12.979265,9.997924,592.513678,-782.868499,173.618598,-0.000000,-0.000000,-0.000000,12.000000
190,18,H,14.510846,13.111875,10.088475,-3789.157644,3005.667436,2288.091913,0.000000,0.000000,0.000000,1.000000
190,19,H,15.421258,13.003250,10.012119,1861.292876,199.778751,275.755093,0.000000,-0.000000,-0.000000,1.000000
190,20,Cl,16.639855,13.014878,10.003880,-1.538412,240.071124,147.433158,0.000000,0.000000,-0.000000,35.500000
195,0,C,9.982081,10.005596,9.987487,-654.141552,10.443417,-138.678621,-0.000000,0.000000,0.000000,12.000000
195,1,H,10.609781,10.664670,10.701136,-28.916748,1138.616870,2391.973537,0.000000,0.000000,0.000000,1.000000
195,2,H,10.542033,9.379116,9.403195,-2146.203989,-34.886691,328.184096,0.000000,-0.000000,-0.000000,1.000000
195,3,H,9.278196,10.640336,9.314036,-2890.409019,860.432784,-1897.123501,-0.000000,0.000000,-0.000000,1.000000
195,4,H,9.400486,9.343371,10.616525,592.280062,-1176.212968,258.340318,-0.000000,-0.000000,0.000000,1.000000
195,5,O,13.005405,10.005869,10.005956,-1.392447,38.030112,222.534421,0.000000,-0.000000,0.000000,16.000000
195,6,H,13.765226,10.650834,9.921260,491.225108,1833.723055,-2014.355111,0.000000,0.000000,-0.000000,1.000000
195,7,H,12.203714,10.526184,9.988511,-1593.746299,-1168.991213,-74.087933,-0.000000,0.000000,-0.000000,1.000000
195,8,O,14.836187,9.995268,10.007438,9.502739,-160.455306,342.279829,-0.000000,0.000000,0.000000,16.000000
195,9,C,15.997006,9.964749,9.982870,-124.225406,-710.859492,-251.977433,-0.000000,-0.000000,-0.000000,12.000000
195,10,O,17.149317,9.995793,9.977535,-5.249603,-87.525715,-415.567071,0.000000,0.000000,-0.000000,16.000000
195,11,N,10.019559,12.991784,10.001050,325.880303,-181.791867,313.883442,-0.000000,0.000000,0.000000,14.000000
195,12,H,10.948613,13.094895,9.546463,-196.044057,2628.914359,-2381.049249,-0.000000,0.000000,-0.000000,1.000000
195,13,H,9.432278,13.995630,9.612335,-3004.637410,5141.886544,-739.337817,-0.000000,0.000000,-0.000000,1.000000
195,14,H,9.481878,12.258944,9.556100,-1339.495671,1455.268825,-1850.772491,-0.000000,-0.000000,-0.000000,1.000000
195,15,H,11.379089,13.006338,9.974221,1586.742598,274.398589,-263.036537,0.000000,-0.000000,0.000000,1.000000
195,16,C,12.427988,12.999592,9.982800,474.385178,193.468489,-420.067690,-0.000000,0.000000,-0.000000,12.000000
195,17,C,13.627611,12.978481,9.998097,589.964134,-784.225123,172.553862,-0.000000,-0.000000,-0.000000,12.000000
195,18,H,14.507075,13.114885,10.090765,-3760.958753,3013.163279,2291.263202,0.000000,0.000000,0.000000,1.000000
195,19,H,15.423138,13.003445,10.012391,1892.824102,189.749914,267.387936,0.000000,-0.000000,-0.000000,1.000000
195,20,Cl,16.639854,13.015118,10.004027,-0.320057,239.625064,147.347006,0.000000,0.000000,-0.000000,35.500000
200,0,C,9.981427,10.005608,9.987349,-655.689359,12.718287,-137.476976,-0.000000,0.000000,0.000000,12.000000
200,1,H,10.609764,10.665817,10.703540,-10.284173,1155.196850,2414.855141,0.000000,0.000000,0.000000,1.000000
200,2,H,10.539895,9.379070,9.403515,-2133.429402,-53.259995,316.177594,0.000000,-0.000000,-0.000000,1.000000
200,3,H,9.275294,10.641207,9.312129,-2908.975997,878.074248,-1912.085087,-0.000000,0.000000,-0.000000,1.000000
200,4,H,9.401069,9.342182,10.616795,579.443167,-1194.744091,277.213661,-0.000000,-0.000000,0.000000,1.000000
200,5,O,13.005404,10.005906,10.006179,-0.767817,36.423382,222.364236,0.000000,-0.000000,0.000000,16.000000
200,6,H,13.765729,10.652681,9.919244,512.392664,1855.121236,-2018.373982,0.000000,0.000000,-0.000000,1.000000
200,7,H,12.202106,10.525024,9.988437,-1617.480131,-1156.527429,-75.639954,-0.000000,0.000000,-0.000000,1.000000
200,8,O,14.836196,9.995108,10.007780,8.163287,-159.765508,342.317414,-0.000000,0.000000,0.000000,16.000000
200,9,C,15.996881,9.964037,9.982618,-125.769694,-711.824202,-252.801480,-0.000000,-0.000000,-0.000000,12.000000
200,10,O,17.149313,9.995707,9.977119,-3.793517,-86.580974,-414.581716,0.000000,0.000000,-0.000000,16.000000
200,11,N,10.019885,12.991602,10.001366,325.335293,-180.695231,316.002196,-0.000000,0.000000,0.000000,14.000000
200,12,H,10.948402,13.097526,9.544071,-219.739157,2633.114447,-2398.252580,-0.000000,0.000000,-0.000000,1.000000
200,13,H,9.429264,14.000788,9.611588,-3018.914935,5170.379791,-751.237870,-0.000000,0.000000,-0.000000,1.000000
200,14,H,9.480532,12.260385,9.554243,-1352.878527,1432.569330,-1861.279167,-0.000000,-0.000000,-0.000000,1.000000
200,15,H,11.380689,13.006609,9.973971,1609.865196,267.873210,-240.621202,0.000000,-0.000000,0.000000,1.000000
200,16,C,12.428460,12.999786,9.982380,472.266165,193.673963,-419.561641,-0.000000,0.000000,-0.000000,12.000000
200,17,C,13.628199,12.977697,9.998270,586.899769,-784.668191,171.965247,-0.000000,-0.000000,-0.000000,12.000000
200,18,H,14.503331,13.117900,10.093059,-3732.983393,3014.610436,2296.411752,0.000000,0.000000,0.000000,1.000000
200,19,H,15.425048,13.003629,10.012655,1919.363339,178.927151,262.119568,0.000000,-0.000000,-0.000000,1.000000
200,20,Cl,16.639855,13.015358,10.004175,1.760131,239.962069,147.890543,0.000000,0.000000,-0.000000,35.500000
205,0,C,9.980771,10.005622,9.987211,-656.372559,14.871081,-136.955890,-0.000000,0.000000,0.000000,12.000000
205,1,H,10.609763,10.666983,10.705968,7.117922,1173.994364,2437.691194,0.000000,0.000000,0.000000,1.000000
205,2,H,10.537772,9.379007,9.403821,-2116.824721,-70.655748,297.982186,0.000000,-0.000000,-0.000000,1.000000
205,3,H,9.272375,10.642097,9.310206,-2926.194874,895.508132,-1930.843799,-0.000000,0.000000,-0.000000,1.000000
205,4,H,9.401639,9.340976,10.617081,564.298938,-1212.614710,294.511920,-0.000000,-0.000000,0.000000,1.000000
205,5,O,13.005404,10.005942,10.006401,0.342511,35.373331,223.379065,0.000000,-0.000000,0.000000,16.000000
205,6,H,13.766256,10.654549,9.917224,537.150362,1875.443415,-2020.798548,0.000000,0.000000,-0.000000,1.000000
205,7,H,12.200473,10.523878,9.988360,-1642.570093,-1138.277706,-78.213182,-0.000000,0.000000,-0.000000,1.000000
205,8,O,14.836203,9.994948,10.008122,7.465817,-159.969877,342.154759,-0.000000,0.000000,0.000000,16.000000
205,9,C,15.996754,9.963325,9.982364,-128.275783,-712.548662,-253.792214,-0.000000,-0.000000,-0.000000,12.000000
205,10,O,17.149310,9.995620,9.976705,-2.339111,-85.882633,-414.364066,0.000000,0.000000,-0.000000,16.000000
205,11,N,10.020210,12.991423,10.001683,325.421664,-179.464944,317.772254,-0.000000,0.000000,0.000000,14.000000
205,12,H,10.948171,13.100162,9.541659,-237.482121,2639.139486,-2420.210836,-0.000000,0.000000,-0.000000,1.000000
205,13,H,9.426236,14.005973,9.610831,-3032.864251,5195.539718,-759.387778,-0.000000,0.000000,-0.000000,1.000000
205,14,H,9.479171,12.261804,9.552372,-1368.819574,1410.429992,-1877.899873,-0.000000,-0.000000,-0.000000,1.000000
205,15,H,11.382309,13.006875,9.973743,1627.684045,263.133157,-222.402362,0.000000,-0.000000,0.000000,1.000000
205,16,C,12.428931,12.999980,9.981961,468.816027,193.440929,-419.646114,-0.000000,0.000000,-0.000000,12.000000
205,17,C,13.628784,12.976911,9.998441,584.382903,-785.502241,172.682870,-0.000000,-0.000000,-0.000000,12.000000
205,18,H,14.499616,13.120917,10.095357,-3701.738342,3018.720507,2299.415360,0.000000,0.000000,0.000000,1.000000
205,19,H,15.426982,13.003802,10.012912,1945.096608,168.518214,252.916103,0.000000,-0.000000,-0.000000,1.000000
205,20,Cl,16.639857,13.015598,10.004323,2.667958,239.981781,147.868507,0.000000,0.000000,-0.000000,35.500000
210,0,C,9.980114,10.005638,9.987075,-657.347323,16.255039,-136.869201,-0.000000,0.000000,0.000000,12.000000
210,1,H,10.609780,10.668167,10.708415,23.458605,1191.516111,2452.187848,0.000000,0.000000,0.000000,1.000000
210,2,H,10.535665,9.378926,9.404111,-2100.870619,-87.346680,282.368411,0.000000,-0.000000,-0.000000,1.000000
210,3,H,9.269440,10.643001,9.308266,-2940.618272,910.201129,-1947.320064,-0.000000,0.000000,-0.000000,1.000000
210,4,H,9.402193,9.339753,10.617387,547.742409,-1228.968100,313.381015,-0.000000,-0.000000,0.000000,1.000000
210,5,O,13.005405,10.005976,10.006625,0.674476,32.817250,223.777064,0.000000,-0.000000,0.000000,16.000000
210,6,H,13.766805,10.656436,9.915200,558.637139,1897.492698,-2026.573980,0.000000,0.000000,-0.000000,1.000000
210,7,H,12.198815,10.522751,9.988280,-1668.943701,-1120.880009,-82.710114,-0.000000,0.000000,-0.000000,1.000000
210,8,O,14.836209,9.994788,10.008464,4.571841,-159.722839,341.762145,-0.000000,0.000000,0.000000,16.000000
210,9,C,15.996624,9.962612,9.982110,-130.275636,-714.722135,-253.818720,-0.000000,-0.000000,-0.000000,12.000000
210,10,O,17.149309,9.995534,9.976291,-0.582795,-86.264338,-412.267523,0.000000,0.000000,-0.000000,16.000000
210,11,N,10.020535,12.991244,10.002001,324.435413,-178.118218,318.136754,-0.000000,0.000000,0.000000,14.000000
210,12,H,10.947920,13.102801,9.539226,-259.233378,2640.088433,-2442.267386,-0.000000,0.000000,-0.000000,1.000000
210,13,H,9.423194,14.011184,9.610066,-3047.905964,5222.239547,-769.925484,-0.000000,0.000000,-0.000000,1.000000
210,14,H,9.477789,12.263203,9.550485,-1390.797023,1389.129754,-1894.496923,-0.000000,-0.000000,-0.000000,1.000000
210,15,H,11.383950,13.007136,9.973534,1649.289497,261.484836,-199.483971,0.000000,-0.000000,0.000000,1.000000
210,16,C,12.429398,13.000173,9.981541,465.482793,193.291332,-419.653520,-0.000000,0.000000,-0.000000,12.000000
210,17,C,13.629367,12.976125,9.998613,581.617408,-786.514907,171.922620,-0.000000,-0.000000,-0.000000,12.000000
210,18,H,14.495933,13.123937,10.097660,-3671.432533,3019.095964,2305.564523,0.000000,0.000000,0.000000,1.000000
210,19,H,15.428945,13.003962,10.013159,1974.666703,152.626873,240.620690,0.000000,-0.000000,-0.000000,1.000000
210,20,Cl,16.639860,13.015838,10.004470,3.606786,240.209907,148.423469,0.000000,0.000000,-0.000000,35.500000
215,0,C,9.979456,10.005655,9.986938,-657.619619,18.379392,-136.589188,-0.000000,0.000000,0.000000,12.000000
215,1,H,10.609814,10.669368,10.710878,42.697763,1206.543681,2470.598899,0.000000,0.000000,0.000000,1.000000
215,2,H,10.533574,9.378827,9.404382,-2084.830429,-104.458855,263.843135,0.000000,-0.000000,-0.000000,1.000000
215,3,H,9.266491,10.643921,9.306308,-2956.247396,929.995594,-1966.382361,-0.000000,0.000000,-0.000000,1.000000
215,4,H,9.402732,9.338514,10.617711,533.857533,-1244.748684,331.204601,-0.000000,-0.000000,0.000000,1.000000
215,5,O,13.005406,10.006008,10.006849,1.904202,30.904189,225.185101,0.000000,-0.000000,0.000000,16.000000
215,6,H,13.767377,10.658345,9.913172,579.851658,1914.630631,-2028.753672,0.000000,0.000000,-0.000000,1.000000
215,7,H,12.197131,10.521639,9.988198,-1692.500907,-1107.461234,-79.072839,-0.000000,0.000000,-0.000000,1.000000
215,8,O,14.836213,9.994629,10.008806,2.200299,-159.510987,341.709653,-0.000000,0.000000,0.000000,16.000000
215,9,C,15.996493,9.961897,9.981856,-132.460406,-715.054639,-252.980174,-0.000000,-0.000000,-0.000000,12.000000
215,10,O,17.149309,9.995448,9.975879,-0.287990,-85.924873,-412.737405,0.000000,0.000000,-0.000000,16.000000
215,11,N,10.020859,12.991066,10.002320,324.688255,-176.910034,320.052800,-0.000000,0.000000,0.000000,14.000000
215,12,H,10.947649,13.105445,9.536771,-278.945724,2645.738031,-2461.624912,-0.000000,0.000000,-0.000000,1.000000
215,13,H,9.420138,14.016420,9.609290,-3063.553928,5246.604386,-778.921326,-0.000000,0.000000,-0.000000,1.000000
215,14,H,9.476387,12.264579,9.548583,-1407.667167,1369.851038,-1907.132808,-0.000000,-0.000000,-0.000000,1.000000
215,15,H,11.385611,13.007394,9.973348,1668.182787,254.602308,-178.015839,0.000000,-0.000000,0.000000,1.000000
215,16,C,12.429862,13.000367,9.981122,462.555122,193.625280,-419.712156,-0.000000,0.000000,-0.000000,12.000000
215,17,C,13.629947,12.975338,9.998785,579.272907,-786.231756,170.424437,-0.000000,-0.000000,-0.000000,12.000000
215,18,H,14.492281,13.126959,10.099968,-3639.961518,3023.869138,2307.613434,0.000000,0.000000,0.000000,1.000000
215,19,H,15.430931,13.004108,10.013392,1996.921528,138.683036,225.886158,0.000000,-0.000000,-0.000000,1.000000
215,20,Cl,16.639864,13.016078,10.004618,4.280769,239.926283,147.815918,0.000000,0.000000,-0.000000,35.500000
220,0,C,9.978798,10.005674,9.986802,-658.738809,19.467525,-135.604808,-0.000000,0.000000,0.000000,12.000000
220,1,H,10.609867,10.670585,10.713361,60.151371,1226.404794,2487.942892,0.000000,0.000000,0.000000,1.000000
220,2,H,10.531499,9.378710,9.404635,-2067.486237,-127.464823,247.146276,0.000000,-0.000000,-0.000000,1.000000
220,3,H,9.263523,10.644860,9.304333,-2975.745532,943.945652,-1980.282263,-0.000000,0.000000,-0.000000,1.000000
220,4,H,9.403255,9.337259,10.618053,516.940865,-1263.299743,351.240438,-0.000000,-0.000000,0.000000,1.000000
220,5,O,13.005408,10.006038,10.007074,2.752641,29.458218,225.151984,0.000000,-0.000000,0.000000,16.000000
220,6,H,13.767969,10.660271,9.911140,599.560565,1930.829604,-2032.321857,0.000000,0.000000,-0.000000,1.000000
220,7,H,12.195425,10.520539,9.988118,-1714.089314,-1091.641498,-80.551703,-0.000000,0.000000,-0.000000,1.000000
220,8,O,14.836213,9.994469,10.009148,-0.199968,-159.118342,341.576293,-0.000000,0.000000,0.000000,16.000000
220,9,C,15.996358,9.961181,9.981603,-135.417248,-715.358703,-253.210230,-0.000000,-0.000000,-0.000000,12.000000
220,10,O,17.149310,9.995362,9.975465,1.890031,-86.826910,-413.256479,0.000000,0.000000,-0.000000,16.000000
220,11,N,10.021184,12.990890,10.002641,324.684053,-175.018632,321.646765,-0.000000,0.000000,0.000000,14.000000
220,12,H,10.947358,13.108094,9.534296,-299.076113,2650.066064,-2484.531345,-0.000000,0.000000,-0.000000,1.000000
220,13,H,9.417066,14.021681,9.608505,-3076.490735,5271.549213,-788.055922,-0.000000,0.000000,-0.000000,1.000000
220,14,H,9.474971,12.265936,9.546668,-1421.796773,1348.242713,-1919.193710,-0.000000,-0.000000,-0.000000,1.000000
220,15,H,11.387292,13.007646,9.973182,1691.302528,251.723679,-156.647003,0.000000,-0.000000,0.000000,1.000000
220,16,C,12.430323,13.000560,9.980702,460.101278,194.272188,-419.871778,-0.000000,0.000000,-0.000000,12.000000
220,17,C,13.630524,12.974552,9.998955,575.396469,-787.006058,169.999086,-0.000000,-0.000000,-0.000000,12.000000
220,18,H,14.488658,13.129986,10.102279,-3611.617990,3029.025376,2315.419665,0.000000,0.000000,0.000000,1.000000
220,19,H,15.432935,13.004232,10.013609,2006.980923,115.581762,210.675173,0.000000,-0.000000,-0.000000,1.000000
220,20,Cl,16.639869,13.016318,10.004766,5.111660,240.024360,147.256748,0.000000,0.000000,-0.000000,35.500000
225,0,C,9.978139,10.005695,9.986667,-659.998517,21.285537,-135.150218,-0.000000,0.000000,0.000000,12.000000
225,1,H,10.609938,10.671821,10.715862,78.506046,1238.143448,2509.144068,0.000000,0.000000,0.000000,1.000000
225,2,H,10.529443,9.378574,9.404872,-2048.150411,-145.139025,230.958433,0.000000,-0.000000,-0.000000,1.000000
225,3,H,9.260536,10.645811,9.302344,-2992.988282,954.091612,-1994.943192,-0.000000,0.000000,-0.000000,1.000000
225,4,H,9.403761,9.335983,10.618415,498.426960,-1284.596290,366.045358,-0.000000,-0.000000,0.000000,1.000000
225,5,O,13.005411,10.006066,10.007300,3.444481,27.281153,226.757167,0.000000,-0.000000,0.000000,16.000000
225,6,H,13.768584,10.662217,9.909109,624.014810,1952.557626,-2032.950239,0.000000,0.000000,-0.000000,1.000000
225,7,H,12.193694,10.519457,9.988038,-1742.640059,-1075.936264,-79.253675,-0.000000,0.000000,-0.000000,1.000000
225,8,O,14.836212,9.994310,10.009489,-1.801384,-158.783142,340.836741,-0.000000,0.000000,0.000000,16.000000
225,9,C,15.996222,9.960465,9.981350,-136.326544,-717.002219,-253.290784,-0.000000,-0.000000,-0.000000,12.000000
225,10,O,17.149312,9.995275,9.975052,3.867089,-86.155766,-413.301950,0.000000,0.000000,-0.000000,16.000000
225,11,N,10.021509,12.990716,10.002964,323.875050,-172.945302,323.662516,-0.000000,0.000000,0.000000,14.000000
225,12,H,10.947046,13.110747,9.531800,-318.842996,2653.287239,-2501.129874,-0.000000,0.000000,-0.000000,1.000000
225,13,H,9.413981,14.026966,9.607713,-3090.312327,5292.637725,-795.484594,-0.000000,0.000000,-0.000000,1.000000
225,14,H,9.473540,12.267270,9.544740,-1438.743572,1324.352857,-1933.052599,-0.000000,-0.000000,-0.000000,1.000000
225,15,H,11.388996,13.007894,9.973039,1712.826464,247.139649,-134.871268,0.000000,-0.000000,0.000000,1.000000
225,16,C,12.430782,13.000755,9.980282,457.243283,194.978917,-420.016403,-0.000000,0.000000,-0.000000,12.000000
225,17,C,13.631098,12.973765,9.999125,572.601051,-786.870519,169.805250,-0.000000,-0.000000,-0.000000,12.000000
225,18,H,14.485064,13.133019,10.104596,-3583.051374,3035.655066,2319.429121,0.000000,0.000000,0.000000,1.000000
225,19,H,15.434939,13.004331,10.013810,1996.872546,90.479575,193.955008,-0.000000,-0.000000,-0.000000,1.000000
225,20,Cl,16.639874,13.016558,10.004913,6.100300,239.469559,147.274555,0.000000,0.000000,-0.000000,35.500000
230,0,C,9.977478,10.005718,9.986532,-661.893644,23.949416,-134.576096,-0.000000,0.000000,0.000000,12.000000
230,1,H,10.610027,10.673070,10.718384,96.962653,1254.974172,2531.479969,0.000000,0.000000,0.000000,1.000000
230,2,H,10.527405,9.378418,9.405094,-2029.935278,-164.197307,212.793866,0.000000,-0.000000,-0.000000,1.000000
230,3,H,9.257532,10.646773,9.300339,-3010.642325,968.174791,-2011.769473,-0.000000,0.000000,-0.000000,1.000000
230,4,H,9.404251,9.334688,10.618790,486.479192,-1302.451271,378.315997,-0.000000,-0.000000,0.000000,1.000000
230,5,O,13.005415,10.006092,10.007527,4.333008,25.443425,227.687549,0.000000,-0.000000,0.000000,16.000000
230,6,H,13.769221,10.664183,9.907073,644.423440,1974.554830,-2041.236500,0.000000,0.000000,-0.000000,1.000000
230,7,H,12.191932,10.518388,9.987960,-1775.477444,-1064.552808,-78.948256,-0.000000,0.000000,-0.000000,1.000000
230,8,O,14.836209,9.994151,10.009830,-3.952128,-158.470243,340.963819,-0.000000,0.000000,0.000000,16.000000
230,9,C,15.996085,9.959748,9.981096,-137.808749,-717.755805,-254.626553,-0.000000,-0.000000,-0.000000,12.000000
230,10,O,17.149317,9.995189,9.974639,6.209181,-85.925650,-412.421727,0.000000,0.000000,-0.000000,16.000000
230,11,N,10.021832,12.990544,10.003289,323.738544,-171.890350,324.885970,-0.000000,0.000000,0.000000,14.000000
230,12,H,10.946716,13.113403,9.529287,-338.239265,2657.096448,-2521.664514,-0.000000,0.000000,-0.000000,1.000000
230,13,H,9.410883,14.032273,9.606910,-3101.289031,5317.011910,-807.577391,-0.000000,0.000000,-0.000000,1.000000
230,14,H,9.472090,12.268580,9.542799,-1459.747115,1299.319041,-1946.494402,-0.000000,-0.000000,-0.000000,1.000000
230,15,H,11.390721,13.008138,9.972916,1732.187166,241.336645,-115.116028,0.000000,-0.000000,0.000000,1.000000
230,16,C,12.431238,13.000950,9.979861,455.249561,196.380083,-420.271398,-0.000000,0.000000,-0.000000,12.000000
230,17,C,13.631669,12.972977,9.999295,569.699395,-789.617774,168.949633,-0.000000,-0.000000,-0.000000,12.000000
230,18,H,14.481497,13.136059,10.106920,-3556.127909,3041.254162,2326.322504,0.000000,0.000000,0.000000,1.000000
230,19,H,15.436925,13.004409,10.013998,1978.263451,69.702639,184.078753,-0.000000,-0.000000,-0.000000,1.000000
230,20,Cl,16.639881,13.016797,10.005061,6.682486,239.003605,147.873433,0.000000,0.000000,-0.000000,35.500000
235,0,C,9.976815,10.005743,9.986397,-662.886825,25.939155,-134.348279,-0.000000,0.000000,0.000000,12.000000
235,1,H,10.610135,10.674335,10.720924,114.827355,1270.558502,2546.952234,0.000000,0.000000,0.000000,1.000000
235,2,H,10.525386,9.378241,9.405297,-2013.633812,-187.040788,197.112749,0.000000,-0.000000,-0.000000,1.000000
235,3,H,9.254512,10.647752,9.298317,-3024.833263,985.587938,-2029.349585,-0.000000,0.000000,-0.000000,1.000000
235,4,H,9.404727,9.333372,10.619177,469.044002,-1325.860085,394.047390,-0.000000,-0.000000,0.000000,1.000000
235,5,O,13.005420,10.006117,10.007755,5.235896,23.848717,227.791526,0.000000,-0.000000,0.000000,16.000000
235,6,H,13.769879,10.666171,9.905030,665.206835,1997.694706,-2044.986613,0.000000,0.000000,-0.000000,1.000000
235,7,H,12.190141,10.517333,9.987881,-1803.023459,-1049.339904,-80.435208,-0.000000,0.000000,-0.000000,1.000000
235,8,O,14.836204,9.993993,10.010171,-5.787885,-158.643395,341.752756,-0.000000,0.000000,0.000000,16.000000
235,9,C,15.995946,9.959029,9.980840,-138.545792,-718.946960,-255.696919,-0.000000,-0.000000,-0.000000,12.000000
235,10,O,17.149325,9.995103,9.974226,8.553653,-85.642088,-413.023673,0.000000,0.000000,-0.000000,16.000000
235,11,N,10.022156,12.990372,10.003614,323.512330,-170.216050,326.453362,-0.000000,0.000000,0.000000,14.000000
235,12,H,10.946365,13.116061,9.526752,-355.962119,2658.940669,-2543.477248,-0.000000,0.000000,-0.000000,1.000000
235,13,H,9.407775,14.037604,9.606097,-3113.305670,5339.758857,-814.921356,-0.000000,0.000000,-0.000000,1.000000
235,14,H,9.470622,12.269866,9.540843,-1476.584612,1277.173806,-1963.318048,-0.000000,-0.000000,-0.000000,1.000000
235,15,H,11.392463,13.008375,9.972813,1748.207940,235.730033,-95.512710,0.000000,-0.000000,0.000000,1.000000
235,16,C,12.431692,13.001147,9.979441,452.446849,197.490263,-420.489701,-0.000000,0.000000,-0.000000,12.000000
235,17,C,13.632237,12.972188,9.999464,566.914534,-788.649681,169.355623,-0.000000,-0.000000,-0.000000,12.000000
235,18,H,14.477959,13.139105,10.109247,-3528.148781,3051.454899,2327.185440,0.000000,0.000000,0.000000,1.000000
235,19,H,15.438888,13.004470,10.014178,1949.848872,56.046598,179.379701,-0.000000,-0.000000,-0.000000,1.000000
235,20,Cl,16.639888,13.017036,10.005208,7.667395,238.886299,147.403092,0.000000,0.000000,-0.000000,35.500000
240,0,C,9.976152,10.005771,9.986263,-664.118930,28.923182,-133.749985,-0.000000,0.000000,0.000000,12.000000
240,1,H,10.610259,10.675615,10.723483,133.688292,1286.935258,2567.274178,0.000000,0.000000,0.000000,1.000000
240,2,H,10.523381,9.378043,9.405485,-2000.324431,-203.264390,179.504418,0.000000,-0.000000,-0.000000,1.000000
240,3,H,9.251474,10.648748,9.296276,-3048.502905,1002.817111,-2050.249343,-0.000000,0.000000,-0.000000,1.000000
240,4,H,9.405188,9.332036,10.619582,454.741173,-1341.594585,413.109520,-0.000000,-0.000000,0.000000,1.000000
240,5,O,13.005426,10.006140,10.007983,6.663767,22.022005,228.365321,0.000000,-0.000000,0.000000,16.000000
240,6,H,13.770556,10.668182,9.902983,684.228326,2020.413638,-2048.881901,0.000000,0.000000,-0.000000,1.000000
240,7,H,12.188323,10.516293,9.987799,-1825.876314,-1032.185918,-81.769333,-0.000000,0.000000,-0.000000,1.000000
240,8,O,14.836197,9.993834,10.010513,-7.933912,-159.246918,341.685387,-0.000000,0.000000,0.000000,16.000000
240,9,C,15.995806,9.958309,9.980585,-140.500563,-721.414180,-255.369682,-0.000000,-0.000000,-0.000000,12.000000
240,10,O,17.149335,9.995018,9.973813,10.546661,-85.737002,-412.873072,0.000000,0.000000,-0.000000,16.000000
240,11,N,10.022480,12.990203,10.003942,322.537036,-168.987236,326.830579,-0.000000,0.000000,0.000000,14.000000
240,12,H,10.945997,13.118723,9.524196,-375.639978,2662.010711,-2563.665712,-0.000000,0.000000,-0.000000,1.000000
240,13,H,9.404652,14.042958,9.605276,-3130.148979,5362.955965,-823.760706,-0.000000,0.000000,-0.000000,1.000000
240,14,H,9.469134,12.271129,9.538871,-1492.031671,1255.794971,-1977.930280,-0.000000,-0.000000,-0.000000,1.000000
240,15,H,11.394226,13.008607,9.972730,1772.165429,230.009313,-73.024306,0.000000,-0.000000,0.000000,1.000000
240,16,C,12.432142,13.001345,9.979020,449.396229,199.201298,-421.708637,-0.000000,0.000000,-0.000000,12.000000
240,17,C,13.632803,12.971399,9.999633,564.844876,-788.162541,168.652742,-0.000000,-0.000000,-0.000000,12.000000
240,18,H,14.474449,13.142159,10.111576,-3498.769004,3057.252925,2328.290209,0.000000,0.000000,0.000000,1.000000
240,19,H,15.440820,13.004521,10.014356,1917.854355,45.970377,176.676128,-0.000000,-0.000000,-0.000000,1.000000
240,20,Cl,16.639896,13.017275,10.005356,8.760182,239.006189,147.799314,0.000000,0.000000,-0.000000,35.500000
245,0,C,9.975487,10.005801,9.986131,-664.801285,30.933129,-131.876418,-0.000000,0.000000,0.000000,12.000000
245,1,H,10.610403,10.676912,10.726061,152.415178,1301.874779,2585.142127,0.000000,0.000000,0.000000,1.000000
245,2,H,10.521390,9.377828,9.405654,-1985.142183,-220.839308,163.786226,0.000000,-0.000000,-0.000000,1.000000
245,3,H,9.248415,10.649761,9.294215,-3066.773408,1021.101523,-2068.650489,-0.000000,0.000000,-0.000000,1.000000
245,4,H,9.405633,9.330685,10.620005,438.948034,-1355.531397,430.260461,-0.000000,-0.000000,0.000000,1.000000
245,5,O,13.005433,10.006160,10.008212,7.813984,20.267581,228.223149,0.000000,-0.000000,0.000000,16.000000
245,6,H,13.771253,10.670214,9.900934,707.003531,2040.126119,-2049.645640,0.000000,0.000000,-0.000000,1.000000
245,7,H,12.186483,10.515271,9.987716,-1849.080224,-1015.283752,-85.574550,-0.000000,0.000000,-0.000000,1.000000
245,8,O,14.836188,9.993675,10.010854,-9.635209,-158.800236,341.128121,-0.000000,0.000000,0.000000,16.000000
245,9,C,15.995665,9.957586,9.980329,-143.272499,-722.960081,-255.844188,-0.000000,-0.000000,-0.000000,12.000000
245,10,O,17.149346,9.994932,9.973400,12.338653,-85.600150,-413.018371,0.000000,0.000000,-0.000000,16.000000
245,11,N,10.022802,12.990034,10.004270,321.805147,-168.023914,328.685234,-0.000000,0.000000,0.000000,14.000000
245,12,H,10.945608,13.121390,9.521620,-398.452948,2670.559078,-2584.545786,-0.000000,0.000000,-0.000000,1.000000
245,13,H,9.401515,14.048335,9.604447,-3140.903659,5386.523728,-832.738245,-0.000000,0.000000,-0.000000,1.000000
245,14,H,9.467632,12.272372,9.536885,-1512.231191,1232.512603,-1993.754018,-0.000000,-0.000000,-0.000000,1.000000
245,15,H,11.396010,13.008834,9.972670,1790.677543,223.647663,-49.821943,0.000000,-0.000000,0.000000,1.000000
245,16,C,12.432591,13.001546,9.978598,447.577196,201.759659,-422.958135,-0.000000,0.000000,-0.000000,12.000000
245,17,C,13.633366,12.970611,9.999802,561.618645,-787.827148,168.504038,-0.000000,-0.000000,-0.000000,12.000000
245,18,H,14.470967,13.145220,10.113905,-3467.924262,3061.044076,2328.508069,0.000000,0.000000,0.000000,1.000000
245,19,H,15.442721,13.004563,10.014530,1889.015749,39.497147,170.527184,-0.000000,-0.000000,-0.000000,1.000000
245,20,Cl,16.639905,13.017514,10.005504,9.639647,238.966635,148.199629,0.000000,0.000000,-0.000000,35.500000
250,0,C,9.974822,10.005833,9.985999,-665.809461,33.469042,-131.530865,-0.000000,0.000000,0.000000,12.000000
250,1,H,10.610565,10.678224,10.728656,166.725752,1319.305772,2600.400397,0.000000,0.000000,0.000000,1.000000
250,2,H,10.519414,9.377597,9.405808,-1968.800898,-238.498435,149.867559,0.000000,-0.000000,-0.000000,1.000000
250,3,H,9.245338,10.650793,9.292135,-3084.169149,1039.052228,-2088.426856,-0.000000,0.000000,-0.000000,1.000000
250,4,H,9.406063,9.329317,10.620445,423.341604,-1375.983416,447.866638,-0.000000,-0.000000,0.000000,1.000000
250,5,O,13.005442,10.006180,10.008440,8.681522,18.865183,228.218482,0.000000,-0.000000,0.000000,16.000000
250,6,H,13.771973,10.672266,9.898883,728.818286,2059.588701,-2051.562676,0.000000,0.000000,-0.000000,1.000000
250,7,H,12.184620,10.514265,9.987630,-1873.098997,-999.875826,-85.441471,-0.000000,0.000000,-0.000000,1.000000
250,8,O,14.836177,9.993516,10.011195,-11.862213,-159.159410,340.974013,-0.000000,0.000000,0.000000,16.000000
250,9,C,15.995520,9.956862,9.980073,-145.059417,-725.051971,-255.886573,-0.000000,-0.000000,-0.000000,12.000000
250,10,O,17.149360,9.994847,9.972987,13.639748,-85.255359,-413.237553,0.000000,0.000000,-0.000000,16.000000
250,11,N,10.023123,12.989867,10.004599,321.052955,-168.010086,329.634340,-0.000000,0.000000,0.000000,14.000000
250,12,H,10.945195,13.124065,9.519021,-424.279739,2678.567420,-2608.376264,-0.000000,0.000000,-0.000000,1.000000
250,13,H,9.398363,14.053736,9.603607,-3158.156003,5410.459642,-844.820529,-0.000000,0.000000,-0.000000,1.000000
250,14,H,9.466110,12.273592,9.534884,-1529.869473,1211.705655,-2008.279572,-0.000000,-0.000000,-0.000000,1.000000
250,15,H,11.397813,13.009055,9.972632,1814.207759,218.858972,-29.435055,0.000000,-0.000000,0.000000,1.000000
250,16,C,12.433038,13.001749,9.978174,448.149662,203.687717,-424.440218,0.000000,0.000000,-0.000000,12.000000
250,17,C,13.633926,12.969823,9.999970,558.917558,-788.292611,168.262493,-0.000000,-0.000000,-0.000000,12.000000
250,18,H,14.467517,13.148285,10.116236,-3438.735509,3066.449144,2334.682171,0.000000,0.000000,0.000000,1.000000
250,19,H,15.444594,13.004598,10.014699,1861.343355,30.876567,166.822194,-0.000000,-0.000000,-0.000000,1.000000
250,20,Cl,16.639916,13.017753,10.005652,11.197069,239.709192,148.195261,0.000000,0.000000,-0.000000,35.500000
